entrypoint,lectures,setup,bias_mode,window_days,killzone,open_rule,n,win_rate,avg_R,total_R,profit_factor,max_drawdown_R,maker_total_R_assumption,long_trades,median_stop_pct,first_half_n,first_half_R,second_half_n,second_half_R,exit_reasons
S1,"8, 11",ITH/ITL range pullback or ITL sweep,structure,3,True,strict,0,,,0.0,,0.0,0.0,0,,0,0.0,0,0.0,{}
S2,"6, 11",HTF POI reaction: liquidity sweep -> displacement/MSS -> retest,structure,3,True,strict,45,0.06666666666666667,-4.527824797623078,-203.75211589303848,0.0017759268168507218,203.7521158930385,-122.04549097439109,16,0.05580868133280527,14,-20.390309418183136,31,-183.36180647485534,"{'BE': 26, 'SL': 19}"
S3d,"5, 9",Previous-day high/low sweep,structure,3,True,strict,78,0.3333333333333333,-0.4677065412351655,-36.481110216342906,0.5001605272810306,37.99122823399464,-21.23625066573301,48,0.3167504706014565,34,-18.335549285407136,44,-18.145560930935776,"{'SL': 47, 'TP': 25, 'BE': 6}"
S3w,"5, 9",Previous-week high/low sweep,structure,3,True,strict,9,0.3333333333333333,-0.5682737566654925,-5.114463809989433,0.402390400731737,5.1891237147388605,-3.93997075199433,3,0.3517965794342741,3,-2.2435345945664813,6,-2.870929215422951,"{'SL': 6, 'TP': 3}"
S4,9,Dealing-range discount/premium entry,structure,3,True,strict,0,,,0.0,,0.0,0.0,0,,0,0.0,0,0.0,{}
S5,11,Fractal pullback: daily POI -> 1H MSS -> 4H POI retest,structure,3,True,strict,0,,,0.0,,0.0,0.0,0,,0,0.0,0,0.0,{}
S6,"5, 6, 8",BOS/CHoCH level sweep and reclaim,structure,n/a,True,strict,3,0.0,-0.4646608739506904,-1.3939826218520712,0.0,1.3939826218520712,-1.3292560885120634,3,0.9241300890981309,3,-1.3939826218520712,0,0.0,"{'TP': 2, 'SL': 1}"
S8a,10,Asian-session POI/swing sweep and reversal,structure,3,True,strict,183,0.1092896174863388,-0.8637152871235626,-158.05989754361195,0.10072641988671802,159.50700402452932,-73.02086037285811,83,0.1819148792079065,78,-74.97586625288467,105,-83.08403129072731,"{'TP': 116, 'SL': 58, 'BE': 9}"
S8b,10,CBDR range sweep and continuation,structure,3,True,strict,1,0.0,-3.4619646621564413,-3.4619646621564413,0.0,3.4619646621564413,-2.7585461872546007,1,0.05686515413969169,1,-3.4619646621564413,0,0.0,{'SL': 1}
S8c,10,OTE pullback entry,structure,3,True,strict,9,0.4444444444444444,-0.4242709083757089,-3.81843817538138,0.44464445228328503,3.818438175381379,-3.101178009933492,5,0.3076221089768628,5,-2.2558063237712696,4,-1.56263185161011,"{'SL': 4, 'TP': 4, 'BE': 1}"
S9,11,Time-cycle spike into higher-timeframe POI,structure,n/a,True,strict,61,0.2786885245901639,-1.2519333263338068,-76.36793290636221,0.3045259124719174,76.57341941500923,-72.74919307586079,45,0.16094734930232596,42,-28.327340065682225,19,-48.04059284067998,"{'SL': 41, 'TP': 20}"
