entrypoint,bias_mode,t,tag,R,R_mk,ret,risk,why,side
S2,structure,2025-01-13 09:56:00+00:00,S2,-0.38613093191196507,-0.12011333677212589,-0.0011612192244922297,0.0030073198713771497,BE,L
S2,structure,2025-02-12 13:31:00+00:00,S2,-1.9535033273750333,-1.6810738052678809,-0.0028682696533992797,0.0014682696533992797,SL,L
S2,structure,2025-06-02 13:34:00+00:00,S2rc,-1.2731872514076368,-0.4123427863009528,-0.001183198408553258,0.0009293200251927695,BE,L
S2,structure,2025-06-02 13:42:00+00:00,S2rc,-1.045654305145632,-0.33315300055606795,-0.0011740658420245059,0.001122804961684722,BE,L
S2,structure,2025-06-02 13:46:00+00:00,S2rc,-2.7773528209197607,-2.2695377292284,-0.002187688287616139,0.0007876882876161388,SL,L
S2,structure,2025-06-02 13:47:00+00:00,S2rc,-4.291706776691477,-3.3512191262081976,-0.0018253112731405415,0.00042531127314054143,SL,L
S2,structure,2025-06-02 13:48:00+00:00,S2,-2.1493481911761694,-1.820962993697264,-0.0026180817012182614,0.0012180817012182614,SL,L
S2,structure,2025-06-02 14:20:00+00:00,S2rc,-0.36355588089966967,-0.058963234083072406,-0.0009548644977462651,0.0026264586764029783,BE,L
S2,structure,2025-06-02 14:50:00+00:00,S2rc,-0.24964078251944133,0.3233436925047945,-0.0003485480579680727,0.0013961983873405329,BE,L
S2,structure,2025-06-02 15:03:00+00:00,S2,-0.32727327774343923,-0.09423348036763424,-0.0011234931764574829,0.0034328900428535073,BE,L
S2,structure,2025-06-02 15:13:00+00:00,S2rc,-1.4735652898189133,0.626947841340439,-0.000561221072302689,0.00038085931867440874,BE,L
S2,structure,2025-06-02 15:18:00+00:00,S2rc,-2.2751529537880697,0.9147272100765761,-0.0005705927086694432,0.00025079312040072793,BE,L
S2,structure,2025-06-02 15:24:00+00:00,S2rc,-0.49390262278514235,0.2454622005158767,-0.0005344074883952749,0.001082009820846311,BE,L
S2,structure,2025-06-02 15:28:00+00:00,S2rc,-1.3303350060007868,-0.5420410323287854,-0.0013500902459562085,0.0010148498234401945,BE,L
S2,structure,2025-10-13 14:30:00+00:00,S2,-0.3188470344487748,-0.10069998062122315,-0.0011692921040348419,0.0036672509940583985,BE,L
S2,structure,2025-10-13 14:32:00+00:00,S2rc,0.10269159826815849,0.49471130736128294,0.00020956415381404004,0.0020407137229163123,BE,L
S2,structure,2026-08-09 14:58:00+00:00,S2,0.06131949298531728,0.6361371779559346,8.534113627829904e-05,0.0013917456280783933,BE,S
S2,structure,2026-08-10 00:10:00+00:00,S2rc,-3.9884477670660194,-3.1346055479043,-0.0018684706272696489,0.00046847062726964895,SL,S
S2,structure,2026-08-10 00:13:00+00:00,S2rc,-0.23097081901636202,1.1068311195446037,-0.00013811958996848847,0.0005979958444824325,BE,S
S2,structure,2026-08-10 01:49:00+00:00,S2rc,-3.621702953222984,-2.872644966587846,-0.0019340040519384217,0.0005340040519384217,SL,S
S2,structure,2026-08-10 01:50:00+00:00,S2,0.1984815156926331,0.6274977523245981,0.00037011469262950426,0.0018647312891476552,BE,S
S2,structure,2026-08-10 06:07:00+00:00,S2rc,-4.27911937939897,-3.342228128142121,-0.0018269438949967739,0.00042694389499677384,SL,S
S2,structure,2026-08-10 06:08:00+00:00,S2rc,-0.5576376325405624,-0.16728359192474043,-0.0011428346055510714,0.0020494215936331054,BE,S
S2,structure,2026-08-10 06:11:00+00:00,S2rc,-1.5658348502397978,-0.48746979976828064,-0.001161636200694845,0.0007418638054434334,BE,S
S2,structure,2026-08-10 06:17:00+00:00,S2rc,-2.722610484681271,-1.059581186902951,-0.0013097113746912193,0.00048104985346243673,BE,S
S2,structure,2026-08-10 06:19:00+00:00,S2rc,-5.157618277488171,-3.9697273410629794,-0.001736731250095863,0.00033673125009586285,SL,S
S2,structure,2026-08-10 06:20:00+00:00,S2rc,-5.108419719666585,-0.55292956639488,-0.0008971012203370074,0.00017561227729258693,BE,S
S2,structure,2026-08-10 06:42:00+00:00,S2rc,-1.844260864367532,-0.5972192001913942,-0.0011831270228398977,0.000641518261162928,BE,S
S2,structure,2026-08-10 06:44:00+00:00,S2rc,-3.350979457788971,-2.679271041277836,-0.0019954964835450584,0.0005954964835450583,SL,S
S2,structure,2026-08-10 06:50:00+00:00,S2rc,-6.62633142293492,-5.018808159239229,-0.0016488299914742142,0.00024882999147421425,SL,S
S2,structure,2026-08-10 06:51:00+00:00,S2rc,-6.493183376435782,-4.9237024117398445,-0.0016548613261311478,0.00025486132613114786,SL,S
S2,structure,2026-08-17 02:05:00+00:00,S2rc,-2.427007210948634,-0.7779348234870315,-0.0011773926866531295,0.0004851212148615443,BE,S
S2,structure,2026-08-17 02:09:00+00:00,S2rc,-2.298020666031712,-0.8645519280241957,-0.0012824950304676473,0.0005580868133280526,BE,S
S2,structure,2026-08-17 02:11:00+00:00,S2rc,-9.671609765681028,-7.194006975486449,-0.001561446379372452,0.0001614463793724521,SL,S
S2,structure,2026-08-17 02:12:00+00:00,S2rc,-14.839357215648711,-10.885255154034795,-0.0015011607676704063,0.00010116076767040627,SL,S
S2,structure,2026-08-17 02:13:00+00:00,S2rc,-60.70344267819986,-43.64531619871419,-0.0014234492340340567,2.344923403405674e-05,SL,S
S2,structure,2026-08-17 02:14:00+00:00,S2rc,-7.925006029067744,-1.5225893253795952,-0.0009902518246901984,0.0001249528165730224,BE,S
S2,structure,2026-08-17 02:16:00+00:00,S2rc,-5.9699270730657625,-4.549947909332688,-0.001681694274265556,0.0002816942742655562,SL,S
S2,structure,2026-08-17 02:18:00+00:00,S2rc,-13.033741153656635,-3.2523199224421693,-0.0010659997843310023,8.178770559916594e-05,BE,S
S2,structure,2026-08-17 02:20:00+00:00,S2rc,-6.237557170399475,-4.741112264571052,-0.001667300184886234,0.000267300184886234,SL,S
S2,structure,2026-08-17 02:21:00+00:00,S2rc,-3.8708295537667214,-3.050592538404801,-0.0018876639221451184,0.00048766392214511856,SL,S
S2,structure,2026-08-17 02:23:00+00:00,S2rc,-2.0967998263761705,-0.636235838819311,-0.0011484877591065716,0.0005477336198999334,BE,S
S2,structure,2026-08-17 02:25:00+00:00,S2rc,-5.296615833636811,-4.06901130974058,-0.0017258378347535413,0.00032583783475354124,SL,S
S2,structure,2026-08-17 02:26:00+00:00,S2rc,-2.4963969013249137,-2.068854929517795,-0.002335580659623417,0.0009355806596234171,SL,S
S2,structure,2026-08-17 02:27:00+00:00,S2,-0.9920239647005431,-0.17360871149252344,-0.0009697023224452504,0.0009774988880817705,BE,S
S3d,structure,2024-10-01 14:43:00+00:00,S3Dc,-1.213097107605986,-1.1522122197185611,-0.007969774764792133,0.006569774764792133,SL,L
S3d,structure,2024-10-03 13:16:00+00:00,S3Dc,-1.6028260222434934,-1.4305900158882097,-0.0037223947678796648,0.002322394767879665,SL,L
S3d,structure,2024-10-03 13:40:00+00:00,S3Dc,1.8855322657879598,2.0515971863271116,0.009083350100268396,0.004817393085804598,TP,L
S3d,structure,2024-10-08 15:33:00+00:00,S3Dc,-1.5144453853669932,-1.3674609895478522,-0.004121377311998383,0.0027213773119983825,SL,L
S3d,structure,2024-10-09 13:04:00+00:00,S3Dc,-1.4322159561619696,-1.3087256829728353,-0.00463912150868248,0.0032391215086824804,SL,L
S3d,structure,2024-10-18 06:16:00+00:00,S3Dc,-1.6624027324130213,-1.4731448088664436,-0.0035135178517456244,0.002113517851745624,SL,S
S3d,structure,2024-10-28 07:35:00+00:00,S3Dc,0.6464955873718865,0.9871259983163055,0.0015183508379758269,0.0023485865451118994,TP,S
S3d,structure,2024-12-02 09:44:00+00:00,S3D,-0.43193556366947294,-0.13078516935316475,-0.00114742818690331,0.0026564800016822612,BE,L
S3d,structure,2024-12-03 13:45:00+00:00,S3D,-0.5292255283768894,-0.09268808947111166,-0.0009698605090155714,0.0018326034119897606,BE,L
S3d,structure,2024-12-24 16:51:00+00:00,S3Dc,-1.4030085834459345,-1.2878632738899531,-0.004873871419882094,0.003473871419882094,SL,S
S3d,structure,2025-01-06 03:32:00+00:00,S3Dc,-1.6916133533330697,-1.49400953809505,-0.003424252413943463,0.002024252413943463,SL,S
S3d,structure,2025-01-13 09:56:00+00:00,S3D,-0.38613093191196507,-0.12011333677212589,-0.0011612192244922297,0.0030073198713771497,BE,L
S3d,structure,2025-01-17 08:31:00+00:00,S3Dc,-1.7326612050468708,-1.5233294321763364,-0.0033108422697369884,0.0019108422697369887,SL,S
S3d,structure,2025-01-30 01:28:00+00:00,S3Dc,-1.4076224348298805,-1.2911588820213433,-0.004834550899006047,0.003434550899006047,SL,S
S3d,structure,2025-02-12 13:44:00+00:00,S3D,1.5988771799357315,1.811319468505561,0.006020937509944719,0.003765728590977036,BE,L
S3d,structure,2025-02-26 14:35:00+00:00,S3Dc,1.7532473749553643,1.923626606748443,0.008232211668072944,0.004695407953074806,TP,L
S3d,structure,2025-02-28 04:02:00+00:00,S3Dc,-1.1905536619665575,-1.136109758547541,-0.00874701178424848,0.00734701178424848,SL,L
S3d,structure,2025-03-04 08:09:00+00:00,S3Dc,0.7301354178009026,0.8252891453721507,0.006138575431039851,0.008407447825950763,TP,L
S3d,structure,2025-03-10 15:11:00+00:00,S3Dc,0.6611758663725741,0.737646579253759,0.006916905481447416,0.010461521409418358,TP,L
S3d,structure,2025-03-11 01:04:00+00:00,S3Dc,1.3171632039881833,1.4170885958026693,0.01054517319428501,0.008005973111271042,TP,L
S3d,structure,2025-03-18 12:56:00+00:00,S3Dc,-1.7209919620536416,-1.5149942586097438,-0.0033417692203007395,0.0019417692203007395,SL,L
S3d,structure,2025-04-22 13:58:00+00:00,S3Dc,-1.2842822742866726,-1.2030587673476232,-0.006324682706696753,0.004924682706696753,SL,S
S3d,structure,2025-04-28 12:41:00+00:00,S3Dc,-2.170031870556514,-1.8357370503975097,-0.0025965486028462666,0.0011965486028462664,SL,S
S3d,structure,2025-05-16 02:25:00+00:00,S3Dc,-2.2168333430641214,-1.8691666736172294,-0.002550527315823418,0.0011505273158234181,SL,S
S3d,structure,2025-05-26 01:40:00+00:00,S3Dc,-1.6164089883845632,-1.4402921345604023,-0.0036712193144181945,0.0022712193144181943,SL,S
S3d,structure,2025-06-02 14:51:00+00:00,S3D,-0.2985317872535811,-0.06450891135379244,-0.001020521728419117,0.003418469228378209,BE,L
S3d,structure,2025-06-03 00:33:00+00:00,S3Dc,-1.561670020120735,-1.4011928715148108,-0.003892566720401171,0.002492566720401171,SL,S
S3d,structure,2025-06-20 15:33:00+00:00,S3Dc,0.36994756980741317,0.6424374722921671,0.0010861248550760136,0.0029358886061649956,TP,L
S3d,structure,2025-06-22 14:05:00+00:00,S3Dc,-1.2069109271268572,-1.1477935193763265,-0.008166196543799062,0.006766196543799062,SL,L
S3d,structure,2025-07-02 01:25:00+00:00,S3Dc,0.37991857277822816,0.6180837347500496,0.0012761516239664912,0.0033590135239622144,TP,L
S3d,structure,2025-07-22 13:42:00+00:00,S3Dc,3.5588149807140446,4.153382107751477,0.004788444996542826,0.0013455167021866551,TP,S
S3d,structure,2025-07-27 03:11:00+00:00,S3Dc,-1.7695907042325938,-1.549707645880424,-0.003219148792079065,0.001819148792079065,SL,S
S3d,structure,2025-08-07 11:36:00+00:00,S3Dc,0.682058190680199,1.1044861091606764,0.0012916915020837483,0.0018938142225014228,TP,S
S3d,structure,2025-08-29 07:33:00+00:00,S3Dc,-1.8759251521482412,-1.6256608229630292,-0.0029983100799953564,0.0015983100799953564,SL,L
S3d,structure,2025-10-13 01:20:00+00:00,S3Dc,-1.3451512180534688,-1.2465365843239062,-0.00545619313150771,0.00405619313150771,SL,S
S3d,structure,2025-10-16 14:17:00+00:00,S3D,-0.06557153892551228,0.12050462958064496,-0.00028191267888598003,0.004299314664647816,BE,L
S3d,structure,2025-10-22 11:52:00+00:00,S3Dc,0.8509473207115945,0.9717667841290101,0.005634504882854396,0.006621449701660272,TP,L
S3d,structure,2025-11-03 02:03:00+00:00,S3Dc,0.10272426144193289,0.4603856115108096,0.00022976877187798057,0.0022367527266950694,TP,L
S3d,structure,2025-11-07 12:17:00+00:00,S3Dc,-1.2979894989202574,-1.212849642085898,-0.006098152133121452,0.004698152133121452,SL,L
S3d,structure,2025-11-11 13:43:00+00:00,S3Dc,-1.7679893188394602,-1.5485637991710428,-0.0032229420197088117,0.0018229420197088118,SL,L
S3d,structure,2025-11-18 01:25:00+00:00,S3Dc,-1.2128823259750625,-1.1520588042679019,-0.007976403154125618,0.006576403154125619,SL,L
S3d,structure,2025-11-20 16:30:00+00:00,S3Dc,-1.2888992531228591,-1.2063566093734706,-0.006245979990833093,0.004845979990833093,SL,L
S3d,structure,2025-12-01 01:10:00+00:00,S3Dc,-1.405386668349563,-1.2895619059639736,-0.004853492947115831,0.003453492947115831,SL,L
S3d,structure,2025-12-05 16:03:00+00:00,S3Dc,-1.4522127556642481,-1.3230091111887485,-0.004495887903346649,0.003095887903346649,SL,L
S3d,structure,2025-12-07 14:43:00+00:00,S3Dc,1.7437260315820937,1.9260925249214844,0.007649326363201836,0.004386770756792312,TP,L
S3d,structure,2025-12-14 13:06:00+00:00,S3Dc,-1.2510916666498795,-1.1793511904641996,-0.006975652982351464,0.005575652982351464,SL,L
S3d,structure,2025-12-15 15:33:00+00:00,S3Dc,-1.3979572519583183,-1.2842551799702275,-0.004917965794342741,0.003517965794342741,SL,L
S3d,structure,2025-12-23 14:46:00+00:00,S3Dc,-1.6219752664853841,-1.4442680474895602,-0.0036508933641542134,0.0022508933641542136,SL,L
S3d,structure,2025-12-26 15:10:00+00:00,S3Dc,3.375076247177642,3.538694440909114,0.016502205140911278,0.004889431803121783,TP,L
S3d,structure,2025-12-30 03:10:00+00:00,S3Dc,0.2980954210181106,0.6967856825472843,0.000598149390205354,0.002006570205481331,TP,L
S3d,structure,2026-01-14 15:06:00+00:00,S3Dc,-1.4118580331227613,-1.294184309373401,-0.004799229558265546,0.003399229558265546,SL,S
S3d,structure,2026-02-04 16:42:00+00:00,S3Dc,-1.422264140042776,-1.301617242887697,-0.004715460317937909,0.003315460317937909,SL,L
S3d,structure,2026-02-05 02:47:00+00:00,S3Dc,-1.1530743333802824,-1.1093388095573447,-0.010545883369761153,0.009145883369761153,SL,L
S3d,structure,2026-02-09 14:00:00+00:00,S3Dc,-1.4866839610799873,-1.3476314007714196,-0.004276610104210743,0.002876610104210743,SL,L
S3d,structure,2026-02-11 03:19:00+00:00,S3Dc,-1.3917419609309514,-1.279815686379251,-0.004973781059024116,0.0035737810590241166,SL,L
S3d,structure,2026-02-16 15:53:00+00:00,S3Dc,1.5908393884204595,1.7479349233781398,0.008101258327165106,0.005092442635085133,TP,L
S3d,structure,2026-02-18 14:49:00+00:00,S3Dc,3.673822603012148,3.960848392333065,0.010239700374531922,0.0027872059925093946,TP,L
S3d,structure,2026-03-17 01:39:00+00:00,S3Dc,0.4476440108243377,0.6928578073869224,0.0014604203094586894,0.0032624591732375047,TP,S
S3d,structure,2026-03-23 13:37:00+00:00,S3Dc,-1.1674930094026201,-1.1196378638590145,-0.009758557798879098,0.008358557798879097,SL,S
S3d,structure,2026-04-17 08:34:00+00:00,S3Dc,-1.5078243073730402,-1.3627316481236,-0.004156858975975683,0.002756858975975683,SL,S
S3d,structure,2026-04-17 12:25:00+00:00,S3Dc,-1.2372342514852492,-1.169453036775178,-0.007301340094168691,0.005901340094168691,SL,S
S3d,structure,2026-04-26 07:52:00+00:00,S3Dc,-1.8221899490946312,-1.5872785350675938,-0.0031027695382820413,0.0017027695382820411,SL,S
S3d,structure,2026-04-27 01:47:00+00:00,S3Dc,2.7079026570249436,2.9513133853311673,0.00889986296287895,0.0032866258836116535,TP,S
S3d,structure,2026-05-04 03:06:00+00:00,S3Dc,-1.5222259004914402,-1.3730185003510287,-0.00408083218140374,0.0026808321814037394,SL,S
S3d,structure,2026-05-09 02:02:00+00:00,S3Dc,-1.781878751020821,-1.5584848221577292,-0.0031905589558127263,0.0017905589558127265,SL,S
S3d,structure,2026-05-10 15:13:00+00:00,S3Dc,-2.0244752761526073,-1.7317680543947194,-0.0027665532322631225,0.0013665532322631223,SL,S
S3d,structure,2026-05-21 02:20:00+00:00,S3Dc,1.0012938452046505,1.3733232794975665,0.0021531497304404894,0.0021503674877781914,TP,S
S3d,structure,2026-06-05 07:02:00+00:00,S3Dc,0.8436561420380119,0.924860079634549,0.008311480127771408,0.009851739012642576,TP,L
S3d,structure,2026-06-09 15:31:00+00:00,S3Dc,-1.5249911087305978,-1.3749936490932841,-0.004066711829434844,0.0026667118294348446,SL,L
S3d,structure,2026-06-17 08:11:00+00:00,S3Dc,-1.6167691820125019,-1.4405494157232157,-0.0036698929207711643,0.0022698929207711645,SL,L
S3d,structure,2026-06-18 13:47:00+00:00,S3Dc,2.944971690274248,3.4377433380355598,0.004781073267755426,0.001623470026399538,TP,L
S3d,structure,2026-06-28 15:53:00+00:00,S3Dc,-1.7062544010187386,-1.5044674292990992,-0.0033822885322633963,0.0019822885322633966,SL,L
S3d,structure,2026-06-29 14:14:00+00:00,S3Dc,1.830358746568001,2.0295127578919647,0.007352535796391486,0.004016991647226424,TP,L
S3d,structure,2026-06-30 15:04:00+00:00,S3Dc,-1.510460562301721,-1.3646146873583724,-0.004142621278492603,0.0027426212784926033,SL,L
S3d,structure,2026-08-24 14:11:00+00:00,S3Dc,-1.316173306642073,-1.2258380761729093,-0.005827951286807658,0.004427951286807658,SL,S
S3d,structure,2026-08-28 01:18:00+00:00,S3Dc,-1.3560381166588582,-1.2543129404706128,-0.005332163255827538,0.003932163255827538,SL,S
S3d,structure,2026-09-07 00:06:00+00:00,S3Dc,0.9976497060548078,1.5072743118830338,0.0015660934651041166,0.0015697829163877689,TP,S
S3d,structure,2026-09-21 00:36:00+00:00,S3Dc,0.512468311596916,0.8986192160721301,0.001061695426648541,0.0020717289296194024,TP,S
S3w,structure,2024-10-01 14:43:00+00:00,S3Wc,-1.213097107605986,-1.1522122197185611,-0.007969774764792133,0.006569774764792133,SL,L
S3w,structure,2025-01-06 03:32:00+00:00,S3Wc,-1.6916133533330697,-1.49400953809505,-0.003424252413943463,0.002024252413943463,SL,S
S3w,structure,2025-03-10 15:11:00+00:00,S3Wc,0.6611758663725741,0.737646579253759,0.006916905481447416,0.010461521409418358,TP,L
S3w,structure,2025-12-15 15:33:00+00:00,S3Wc,-1.3979572519583183,-1.2842551799702275,-0.004917965794342741,0.003517965794342741,SL,L
S3w,structure,2026-04-22 12:46:00+00:00,S3Wc,-1.4171353181054906,-1.2979537986467788,-0.0047562250407335435,0.0033562250407335437,SL,S
S3w,structure,2026-04-27 01:47:00+00:00,S3Wc,2.7079026570249436,2.9513133853311673,0.00889986296287895,0.0032866258836116535,TP,S
S3w,structure,2026-05-04 03:06:00+00:00,S3Wc,-1.5222259004914402,-1.3730185003510287,-0.00408083218140374,0.0026808321814037394,SL,S
S3w,structure,2026-08-24 14:11:00+00:00,S3Wc,-1.316173306642073,-1.2258380761729093,-0.005827951286807658,0.004427951286807658,SL,S
S3w,structure,2026-09-21 01:30:00+00:00,S3Wc,0.0746599047494278,0.19835659637529945,0.0004828578922724388,0.006467432471190495,TP,S
S6,structure,2024-12-02 15:00:00+00:00,S6,-0.04501722663284894,-0.0017332772496658289,-0.0004160177365916544,0.009241300890981309,TP,L
S6,structure,2024-12-03 12:00:00+00:00,S6,-1.3364483135574834,-1.3364483135574834,-0.006355559577880405,0.004755559577880405,SL,L
S6,structure,2024-12-03 15:00:00+00:00,S6,-0.012517081661738866,0.008925502295085734,-0.00023349950149557445,0.018654468174424038,TP,L
S8a,structure,2024-10-03 00:23:00+00:00,S8a_c,1.2462427106567062,1.6183078358280116,0.002679622735579773,0.0021501612107064994,TP,L
S8a,structure,2024-10-04 00:33:00+00:00,S8a_c,-0.16825845437235398,0.13694682675814726,-0.00044103680971472876,0.002621186622448816,TP,L
S8a,structure,2024-10-09 00:21:00+00:00,S8a_c,-0.668567124663356,-0.10188980691101994,-0.0009438417296321719,0.0014117381708043527,TP,L
S8a,structure,2024-10-09 08:34:00+00:00,S8a_c,-1.0115194409925574,-0.11866083166739448,-0.0009063199305494339,0.0008959985283724293,TP,L
S8a,structure,2024-10-14 02:03:00+00:00,S8a_c,-0.8122787461567783,-0.1997133652633294,-0.0010608222684370964,0.001305983042713205,TP,L
S8a,structure,2024-10-18 06:16:00+00:00,S8a_c,-1.6624027324130213,-1.4731448088664436,-0.0035135178517456244,0.002113517851745624,SL,S
S8a,structure,2024-11-01 12:39:00+00:00,S8a_c,-0.6701074279069994,0.011591555948573527,-0.0007863968628698682,0.0011735384956499959,TP,S
S8a,structure,2024-11-24 01:53:00+00:00,S8a_c,-0.35367508270936854,0.10266666666666184,-0.0006200179285685939,0.0017530721243319588,TP,S
S8a,structure,2024-11-24 02:49:00+00:00,S8a_c,-0.6827781322740631,0.025248002588295786,-0.0007714722365798498,0.0011299017940284376,TP,S
S8a,structure,2024-11-24 03:17:00+00:00,S8a_c,-2.3025860107487857,-0.7583751127849079,-0.0011928868077721066,0.000518063951662847,TP,S
S8a,structure,2024-12-01 01:53:00+00:00,S8a,-2.079919277986501,-1.7713709128475004,-0.0026963931921006974,0.0012963931921006974,SL,L
S8a,structure,2024-12-02 07:28:00+00:00,S8a,-0.7227764793727457,-0.15045196938582528,-0.0010103030246099557,0.0013978083867459785,BE,L
S8a,structure,2024-12-03 01:19:00+00:00,S8a,-2.1427533848552325,-1.8162524177537376,-0.002625111225706285,0.0012251112257062851,SL,L
S8a,structure,2024-12-03 07:03:00+00:00,S8a,-1.1452616408357466,-0.2849228448057525,-0.001064940133929117,0.0009298662383837327,BE,L
S8a,structure,2024-12-04 02:10:00+00:00,S8a,-0.5959054005970095,-0.17998397448955222,-0.0011461884157764964,0.001923440221599241,BE,L
S8a,structure,2024-12-04 13:49:00+00:00,S8a,-0.525888894919755,-0.23980594699102617,-0.0014705913756195446,0.0027963917660667487,BE,L
S8a,structure,2025-01-02 04:37:00+00:00,S8a_c,-1.8210604518436266,-1.5864717513168762,-0.003105111964480094,0.0017051119644800941,SL,S
S8a,structure,2025-01-03 14:39:00+00:00,S8a_c,-0.6161273784004424,-0.18659167753195527,-0.0011475225498689522,0.001862476153629287,TP,S
S8a,structure,2025-01-04 03:45:00+00:00,S8a_c,-1.127181483211362,-0.10759354403445824,-0.0008844211979371325,0.0007846307015418664,TP,S
S8a,structure,2025-01-05 04:18:00+00:00,S8a_c,-2.0692428393232993,-1.763744885230928,-0.002709337737427383,0.0013093377374273833,SL,S
S8a,structure,2025-01-06 03:32:00+00:00,S8a_c,-1.6916133533330697,-1.49400953809505,-0.003424252413943463,0.002024252413943463,SL,S
S8a,structure,2025-01-17 08:31:00+00:00,S8a_c,-0.5643448622789259,-0.14568131653785685,-0.001078374017551471,0.0019108422697369887,TP,S
S8a,structure,2025-01-28 04:01:00+00:00,S8a_c,-0.467797308608582,-0.00774820625230797,-0.0008134737030679955,0.0017389448124179993,TP,S
S8a,structure,2025-01-30 01:42:00+00:00,S8a_c,-0.2915388826407342,-0.029835440714902857,-0.0008912038160303858,0.0030568952173992644,TP,S
S8a,structure,2025-02-14 15:15:00+00:00,S8a,-0.898561676728874,-0.23748936608119395,-0.001087398957428443,0.0012101550573434343,TP,L
S8a,structure,2025-02-24 01:09:00+00:00,S8a,-2.431217634486274,-2.0222983103473386,-0.0023781880590805606,0.0009781880590805608,SL,L
S8a,structure,2025-02-24 02:21:00+00:00,S8a,-0.36320638237251707,0.0008167917181119269,-0.0007982049676476726,0.002197662283447998,TP,L
S8a,structure,2025-02-24 03:52:00+00:00,S8a,-0.4033087452471593,-0.11301673003803389,-0.0011114566687798614,0.00275584569359816,BE,L
S8a,structure,2025-02-24 14:42:00+00:00,S8a,-1.783094906910477,-1.559353504936055,-0.003187778196034223,0.001787778196034223,SL,L
S8a,structure,2025-02-28 04:02:00+00:00,S8a_c,-1.1905536619665575,-1.136109758547541,-0.00874701178424848,0.00734701178424848,SL,L
S8a,structure,2025-02-28 04:34:00+00:00,S8a_c,-1.1618379105036984,-1.1155985075026418,-0.010050630718369332,0.008650630718369332,SL,L
S8a,structure,2025-03-04 08:09:00+00:00,S8a_c,0.9813575018481812,1.076511229419429,0.008250711995393963,0.008407447825950763,TP,L
S8a,structure,2025-03-11 01:04:00+00:00,S8a_c,3.0528363666704954,3.152761758484982,0.02444092586467437,0.008005973111271042,TP,L
S8a,structure,2025-04-07 03:36:00+00:00,S8a_c,-1.3068399915869022,-1.219171422562073,-0.005962638633769798,0.004562638633769798,SL,L
S8a,structure,2025-04-22 13:58:00+00:00,S8a_c,-1.2842822742866726,-1.2030587673476232,-0.006324682706696753,0.004924682706696753,SL,S
S8a,structure,2025-04-25 11:14:00+00:00,S8a_c,-1.2907513537931077,-1.2076795384236483,-0.006215110855842172,0.0048151108558421715,SL,S
S8a,structure,2025-04-26 01:41:00+00:00,S8a_c,0.6331689793532896,1.096351536480399,0.0010935972775495191,0.0017271807577599661,TP,S
S8a,structure,2025-04-29 00:52:00+00:00,S8a_c,-1.661495231370474,-1.4724965938360528,-0.0035164173732583157,0.0021164173732583155,SL,S
S8a,structure,2025-04-29 01:35:00+00:00,S8a_c,-1.4123284255649908,-1.2945203039749933,-0.004795351649796294,0.003395351649796294,SL,S
S8a,structure,2025-04-29 01:49:00+00:00,S8a_c,0.2325341594490016,0.5755222697768615,0.0005423725253373333,0.002332442367274147,TP,S
S8a,structure,2025-04-29 01:58:00+00:00,S8a_c,-0.12356732388893554,0.21195663260237307,-0.0002946253380679514,0.0023843304912289417,TP,S
S8a,structure,2025-04-30 02:06:00+00:00,S8a_c,-0.6959012461013583,0.0398623984897811,-0.0007566573871565154,0.0010873056937252673,TP,S
S8a,structure,2025-05-01 02:44:00+00:00,S8a_c,-1.0597086371351447,-0.33411163969305246,-0.0011683715791227119,0.0011025403947648577,TP,S
S8a,structure,2025-05-01 02:53:00+00:00,S8a_c,-0.6956493784452414,-0.03328843113110365,-0.0008402057896270455,0.0012078006761177362,TP,S
S8a,structure,2025-05-01 03:22:00+00:00,S8a_c,-0.4795372147765152,-0.1502912385237924,-0.0011651767963498068,0.0024297943109437897,TP,S
S8a,structure,2025-05-01 03:35:00+00:00,S8a_c,-2.7542808418384155,-2.253057744170297,-0.0021980478191467086,0.0007980478191467088,SL,S
S8a,structure,2025-05-05 01:01:00+00:00,S8a_c,-0.7638487308814553,-0.20162797780435546,-0.0010869022200988801,0.0014229286194461987,TP,S
S8a,structure,2025-05-10 02:56:00+00:00,S8a_c,-2.109435078606385,-1.792453627575989,-0.0026619034921435943,0.0012619034921435943,SL,S
S8a,structure,2025-05-16 02:25:00+00:00,S8a_c,-2.2168333430641214,-1.8691666736172294,-0.002550527315823418,0.0011505273158234181,SL,S
S8a,structure,2025-05-16 02:40:00+00:00,S8a_c,-0.07770083255902735,0.4356069435299802,-0.00012109823568393248,0.001558519152184595,TP,S
S8a,structure,2025-05-16 02:52:00+00:00,S8a_c,-1.3827962535631337,-0.44057101488609757,-0.0011740685320675097,0.0008490538855903154,TP,S
S8a,structure,2025-05-16 03:15:00+00:00,S8a_c,-0.6124766045439249,-0.06056069563373555,-0.0008877824967985697,0.0014494961770166695,TP,S
S8a,structure,2025-05-16 15:13:00+00:00,S8a_c,0.07030818436148166,0.6888313037541762,9.093685543138915e-05,0.0012934035526198128,TP,S
S8a,structure,2025-05-26 01:40:00+00:00,S8a_c,-1.6164089883845632,-1.4402921345604023,-0.0036712193144181945,0.0022712193144181943,SL,S
S8a,structure,2025-05-26 02:03:00+00:00,S8a_c,-0.08088425628111852,0.2135519900301504,-0.00021976711711128166,0.002717056782317027,TP,S
S8a,structure,2025-05-26 03:22:00+00:00,S8a_c,-1.5928255687974278,-1.4234468348553055,-0.0037615715544117977,0.002361571554411798,SL,S
S8a,structure,2025-05-27 07:45:00+00:00,S8a_c,-1.7665491909684634,-1.5475351364060452,-0.003226366809194894,0.0018263668091948939,SL,S
S8a,structure,2025-06-01 01:29:00+00:00,S8a,-1.4872860902575342,-0.4749420882199369,-0.0011753207109551664,0.0007902452114990541,BE,L
S8a,structure,2025-06-01 01:51:00+00:00,S8a,-2.734677057882756,-2.2390550413448262,-0.002207066648883197,0.0008070666488831971,SL,L
S8a,structure,2025-06-01 03:24:00+00:00,S8a,-0.5580139194359719,0.44428670422697075,-0.00044538646889927334,0.0007981637256458766,TP,L
S8a,structure,2025-06-01 03:34:00+00:00,S8a,-0.25885685050648705,1.4458266653026988,-0.00012148030909238275,0.00046929532231691274,TP,L
S8a,structure,2025-06-01 06:08:00+00:00,S8a,-1.5588649062594846,-0.37496950960083525,-0.0010533801622400931,0.0006757353751504303,BE,L
S8a,structure,2025-06-03 00:33:00+00:00,S8a_c,-0.3815842422959097,-0.06062994508406123,-0.0009511241833762814,0.002492566720401171,TP,S
S8a,structure,2025-06-03 01:19:00+00:00,S8a_c,-0.6484537677334832,-0.15627928536044208,-0.0010540225728191913,0.0016254398158611647,TP,S
S8a,structure,2025-06-03 14:51:00+00:00,S8a_c,-2.339607447961774,-1.9568624628298386,-0.0024450822755054955,0.0010450822755054953,SL,S
S8a,structure,2025-06-04 02:04:00+00:00,S8a_c,-1.3913730201218304,-0.2879469333923812,-0.0010087657247588588,0.0007250145792467141,TP,S
S8a,structure,2025-06-21 00:46:00+00:00,S8a_c,-0.12112956837798354,0.553817546987036,-0.00014357221846926504,0.0011852780488843934,TP,L
S8a,structure,2025-07-02 01:25:00+00:00,S8a_c,-0.2891798954127479,-0.05101473344092635,-0.000971359179549399,0.0033590135239622144,TP,L
S8a,structure,2025-07-22 06:56:00+00:00,S8a_c,-0.6183039857606077,-0.11922403746322191,-0.0009911101223280244,0.0016029495930044968,TP,S
S8a,structure,2025-07-24 01:49:00+00:00,S8a_c,-0.09736665871520551,0.7438409004568525,-9.259703639471497e-05,0.0009510138030468773,TP,S
S8a,structure,2025-07-24 02:31:00+00:00,S8a_c,-1.0687945625595718,-0.2805606531558813,-0.0010847486258165463,0.0010149271560839226,TP,S
S8a,structure,2025-07-24 03:17:00+00:00,S8a_c,-4.737668502462431,-3.669763216044593,-0.0017745650528070266,0.00037456505280702654,SL,S
S8a,structure,2025-07-24 14:58:00+00:00,S8a_c,-0.5007302590669928,0.11317398182242812,-0.0006525190421770504,0.001303134832300498,TP,S
S8a,structure,2025-07-26 08:50:00+00:00,S8a_c,-0.8534522294829671,-0.17539181303404397,-0.0010069335519717728,0.0011798358680037509,TP,S
S8a,structure,2025-07-27 03:11:00+00:00,S8a_c,-0.4418668782443445,-0.002100761540005227,-0.0008038215978179465,0.001819148792079065,TP,S
S8a,structure,2025-07-28 02:28:00+00:00,S8a_c,-0.7133166581697395,0.048467053275626774,-0.0007491015073728283,0.0010501668491731389,TP,S
S8a,structure,2025-08-27 02:55:00+00:00,S8a_c,-2.591917018903028,-2.137083584930734,-0.0022794428248306088,0.0008794428248306086,SL,L
S8a,structure,2025-08-29 06:17:00+00:00,S8a_c,-0.3904041605157014,0.09053152213663031,-0.0006494076852233473,0.001663424089450064,TP,L
S8a,structure,2025-10-13 01:20:00+00:00,S8a_c,-1.3451512180534688,-1.2465365843239062,-0.00545619313150771,0.00405619313150771,SL,S
S8a,structure,2025-10-13 02:36:00+00:00,S8a_c,0.013897860111588856,0.16880040017994077,7.177602177708031e-05,0.005164537648298045,TP,S
S8a,structure,2025-10-14 00:27:00+00:00,S8a_c,-1.8865090016411785,-1.6332207154579848,-0.0029792281831410674,0.0015792281831410674,SL,S
S8a,structure,2025-10-19 03:05:00+00:00,S8a_c,-1.2382178768897576,-0.34132834856947475,-0.0011044551979182745,0.0008919716138265767,TP,L
S8a,structure,2025-10-20 00:37:00+00:00,S8a_c,-0.4257573018484362,-0.10349242351939483,-0.0010569126963037559,0.0024824299940720746,TP,L
S8a,structure,2025-10-20 00:44:00+00:00,S8a_c,1.1240944845381402,1.5239555721442937,0.002248969993590026,0.0020006948032611927,TP,L
S8a,structure,2025-10-20 01:33:00+00:00,S8a_c,-1.8477712356728142,-1.6055508826234388,-0.0030513888901749792,0.0016513888901749795,SL,L
S8a,structure,2025-10-22 03:14:00+00:00,S8a_c,-0.5152112534078516,-0.11950221081809312,-0.001041596118271139,0.002021687436719459,TP,L
S8a,structure,2025-11-03 02:03:00+00:00,S8a_c,-0.4389360273482932,-0.08127467727941644,-0.0009817913560159963,0.0022367527266950694,TP,L
S8a,structure,2025-11-03 03:10:00+00:00,S8a_c,-2.071173202832822,-1.7651237163091584,-0.0027069781771029778,0.0013069781771029778,SL,L
S8a,structure,2025-11-03 04:25:00+00:00,S8a_c,-0.19422650499865923,0.08355738386694182,-0.0005593600285224056,0.0028799366416353265,TP,L
S8a,structure,2025-11-03 04:41:00+00:00,S8a_c,-0.4705790735900546,-0.08320677606822657,-0.0009718383613914217,0.0020651967244893674,TP,L
S8a,structure,2025-11-07 01:34:00+00:00,S8a_c,-1.4793520016636326,-1.3423942869025947,-0.004320609479341234,0.0029206094793412336,SL,L
S8a,structure,2025-11-08 04:55:00+00:00,S8a_c,-0.856179684309577,-0.27402979350504303,-0.0011765762705908368,0.0013742165250506119,TP,L
S8a,structure,2025-11-09 03:24:00+00:00,S8a_c,-2.2974668752593925,-1.9267620537567087,-0.0024790256203805656,0.0010790256203805657,SL,L
S8a,structure,2025-11-18 02:58:00+00:00,S8a_c,-1.5663395497562518,-1.4045282498258942,-0.003872015243509921,0.002472015243509921,SL,L
S8a,structure,2025-11-18 04:16:00+00:00,S8a_c,-1.2765886834827223,-1.1975633453448016,-0.006461667680584823,0.005061667680584823,SL,L
S8a,structure,2025-11-19 01:34:00+00:00,S8a_c,-0.24977408270898807,-0.021581869684897607,-0.0008756620724217935,0.003505816387851689,TP,L
S8a,structure,2025-11-19 15:51:00+00:00,S8a_c,-1.4901199516389791,-1.3500856797421281,-0.004256443601853685,0.0028564436018536856,SL,L
S8a,structure,2025-11-21 02:29:00+00:00,S8a_c,-1.3012828812332122,-1.2152020580237228,-0.006046795709963722,0.004646795709963722,SL,L
S8a,structure,2025-11-24 01:09:00+00:00,S8a_c,-0.19412471300859188,0.02139565930796393,-0.0007205804664199891,0.0037119460745221886,TP,L
S8a,structure,2025-12-01 01:10:00+00:00,S8a_c,-0.01797788188949813,0.21367164288168067,-6.208648830946322e-05,0.003453492947115831,TP,L
S8a,structure,2025-12-06 02:04:00+00:00,S8a_c,-3.1153948181967897,-2.5109962987119925,-0.0020618149897868197,0.0006618149897868198,SL,L
S8a,structure,2025-12-09 01:56:00+00:00,S8a_c,-0.5959588361037033,-0.035118737515916744,-0.0008500944744918871,0.001426431530153471,TP,L
S8a,structure,2025-12-09 02:33:00+00:00,S8a_c,-0.27288003713609665,0.12566723402376292,-0.0005477494026582215,0.0020072901206218906,TP,L
S8a,structure,2025-12-09 04:36:00+00:00,S8a_c,-2.2428855691899443,-1.887775406564246,-0.0025264110186044367,0.0011264110186044365,SL,L
S8a,structure,2025-12-19 02:00:00+00:00,S8a_c,0.32351318545787633,0.6573133773175582,0.0007753457148254007,0.002396643319894472,TP,L
S8a,structure,2025-12-21 02:39:00+00:00,S8a_c,-0.5587115166522577,0.17306212479064578,-0.0006108025597102363,0.0010932342389684444,TP,L
S8a,structure,2025-12-21 02:58:00+00:00,S8a_c,-1.2196963596317385,0.44609080789190825,-0.0005857633596469276,0.00048025342948780007,TP,L
S8a,structure,2025-12-23 03:24:00+00:00,S8a_c,-0.17090398599673493,0.03603467922888074,-0.0006606942624681808,0.0038658797722880686,TP,L
S8a,structure,2025-12-28 04:06:00+00:00,S8a_c,-1.7707547204632657,-0.4758160911054643,-0.0010939543730139152,0.0006177898951062597,TP,L
S8a,structure,2025-12-30 02:58:00+00:00,S8a_c,-0.7702666396846884,-0.09936072003314825,-0.0009184794673861334,0.0011924175604464923,TP,L
S8a,structure,2026-01-14 15:06:00+00:00,S8a_c,-1.4118580331227613,-1.294184309373401,-0.004799229558265546,0.003399229558265546,SL,S
S8a,structure,2026-02-05 02:47:00+00:00,S8a_c,-1.1530743333802824,-1.1093388095573447,-0.010545883369761153,0.009145883369761153,SL,L
S8a,structure,2026-02-11 03:11:00+00:00,S8a_c,-1.5627078447389962,-1.4019341748135685,-0.003887969579754784,0.0024879695797547837,SL,L
S8a,structure,2026-02-15 02:21:00+00:00,S8a_c,-0.6074987848953526,-0.20152507500750114,-0.0011971194589189956,0.001970570952047601,TP,L
S8a,structure,2026-02-15 02:48:00+00:00,S8a_c,-0.47876973902005887,-0.09952390865873965,-0.001009940678454226,0.002109449691873514,TP,L
S8a,structure,2026-02-15 12:59:00+00:00,S8a_c,-0.08246488987429859,0.4518922357703347,-0.00012346033903796495,0.0014971261008916135,TP,L
S8a,structure,2026-02-16 03:22:00+00:00,S8a_c,-2.1348007076452054,-1.8105719340322897,-0.0026336967985375183,0.0012336967985375183,SL,L
S8a,structure,2026-02-17 03:37:00+00:00,S8a_c,-0.2560259251818709,0.10479358984072652,-0.0005676542748323055,0.0022171749772178966,TP,L
S8a,structure,2026-02-17 09:19:00+00:00,S8a_c,-0.3464312621631794,0.06610911104951861,-0.0006718009381051604,0.0019392041408454708,TP,L
S8a,structure,2026-02-22 13:40:00+00:00,S8a_c,-0.7437048010759816,-0.21671312450047095,-0.001128981476001614,0.00151805054151623,TP,L
S8a,structure,2026-03-17 01:39:00+00:00,S8a_c,3.596243846598719,3.8414576431613034,0.011732598726534921,0.0032624591732375047,TP,S
S8a,structure,2026-03-18 00:52:00+00:00,S8a_c,0.8511936976858805,1.628224913835501,0.0008763546997802771,0.0010295596668100353,TP,S
S8a,structure,2026-03-18 03:03:00+00:00,S8a_c,-0.518098071535052,-0.14328440997292816,-0.001105825373335127,0.002134393919009815,TP,S
S8a,structure,2026-03-24 07:16:00+00:00,S8a_c,-0.26684468510169984,0.04278250237441125,-0.0006894606052571863,0.0025837524363448313,TP,S
S8a,structure,2026-03-25 01:11:00+00:00,S8a_c,-0.3915106781528204,-0.10376798940055576,-0.0010885021749133536,0.0027802617799570534,TP,S
S8a,structure,2026-03-25 01:50:00+00:00,S8a_c,-0.29159774780675846,0.07913526253760483,-0.0006292350336667385,0.0021578871524197503,TP,S
S8a,structure,2026-03-27 01:17:00+00:00,S8a_c,-0.45249624837738733,-0.05392269668453438,-0.0009082313594678012,0.0020071577669972755,TP,S
S8a,structure,2026-03-31 00:53:00+00:00,S8a_c,-0.1768049720067612,0.09892280034930934,-0.0005129841524369566,0.002901412480738039,TP,S
S8a,structure,2026-03-31 01:10:00+00:00,S8a_c,-1.7329923512946788,-1.5235659652104847,-0.0033099790025464667,0.0019099790025464667,SL,S
S8a,structure,2026-04-11 03:10:00+00:00,S8a_c,-0.0018167058675694159,0.605795641404693,-2.3919275185569928e-06,0.001316628938815049,TP,S
S8a,structure,2026-04-13 00:44:00+00:00,S8a_c,-0.7505402921158302,-0.146751180842928,-0.000994440314478078,0.0013249659277780744,TP,S
S8a,structure,2026-04-13 02:25:00+00:00,S8a_c,-0.08468772761643614,0.23062454476714603,-0.0002148669367703195,0.0025371673419256825,TP,S
S8a,structure,2026-04-20 03:59:00+00:00,S8a_c,-0.5151658020826214,-0.012149632744959183,-0.0008193228504140643,0.0015904061315829786,TP,S
S8a,structure,2026-04-21 00:12:00+00:00,S8a_c,-1.5861378078113542,-1.4186698627223957,-0.0037885167981700713,0.002388516798170071,SL,S
S8a,structure,2026-04-22 00:18:00+00:00,S8a_c,-1.6583974915759632,-1.4702839225542594,-0.0035263750514129555,0.0021263750514129557,SL,S
S8a,structure,2026-04-24 00:46:00+00:00,S8a_c,-0.692532517286026,-0.11010880114419533,-0.0009512421944265494,0.001373570439918668,TP,S
S8a,structure,2026-04-24 00:59:00+00:00,S8a_c,0.3567563345213879,1.036753079789789,0.00041971534364397306,0.0011764762192857734,TP,S
S8a,structure,2026-04-24 02:45:00+00:00,S8a_c,-0.4768873676451011,-0.11858219573375622,-0.0010647624539745061,0.002232733610102461,TP,S
S8a,structure,2026-04-24 13:01:00+00:00,S8a_c,-3.3515527923676802,-2.679680565976914,-0.001995351294916241,0.0005953512949162408,SL,S
S8a,structure,2026-04-25 00:58:00+00:00,S8a_c,-1.6283585103200915,-0.47049581214474717,-0.001125078828697871,0.0006909282087251848,TP,S
S8a,structure,2026-04-25 02:09:00+00:00,S8a_c,-1.2292700382028958,-0.3198099386260393,-0.0010813184998658756,0.0008796427686846458,TP,S
S8a,structure,2026-04-25 03:40:00+00:00,S8a_c,-2.8440008148988922,-2.3171434392134946,-0.002159218753423795,0.0007592187534237953,SL,S
S8a,structure,2026-04-27 01:47:00+00:00,S8a_c,1.3146011775298665,1.5580119058360906,0.0043206022566960175,0.0032866258836116535,TP,S
S8a,structure,2026-05-04 03:06:00+00:00,S8a_c,-1.5222259004914402,-1.3730185003510287,-0.00408083218140374,0.0026808321814037394,SL,S
S8a,structure,2026-05-07 06:59:00+00:00,S8a_c,-1.2758390328210525,-0.20904043837610375,-0.0009567609402296721,0.0007499072497524585,TP,S
S8a,structure,2026-05-08 08:47:00+00:00,S8a_c,-0.052910606416682306,0.30084591460122106,-0.00011965428937267173,0.002261442411571863,TP,S
S8a,structure,2026-05-09 01:28:00+00:00,S8a_c,-2.5035783247802743,-2.073984517700196,-0.002331112118954355,0.0009311121189543546,SL,S
S8a,structure,2026-05-09 02:02:00+00:00,S8a_c,-1.781878751020821,-1.5584848221577292,-0.0031905589558127263,0.0017905589558127265,SL,S
S8a,structure,2026-05-10 00:27:00+00:00,S8a_c,-0.7002298732221708,0.13040581762030654,-0.0006744038388352499,0.0009631177769264827,TP,S
S8a,structure,2026-05-10 03:36:00+00:00,S8a_c,-1.319935435332631,-0.43633075713017233,-0.0011950461267523499,0.0009053822594369487,TP,S
S8a,structure,2026-05-21 02:20:00+00:00,S8a_c,-0.30471133470629613,0.06731809958662008,-0.0006552413473099176,0.0021503674877781914,TP,S
S8a,structure,2026-06-01 03:04:00+00:00,S8a_c,-0.41953853171571287,-0.03133232476706767,-0.0008645684158702027,0.0020607604558621337,TP,S
S8a,structure,2026-06-05 00:38:00+00:00,S8a_c,-0.045196926632737965,0.35244744979228837,-9.09293415168105e-05,0.002011847890802086,TP,L
S8a,structure,2026-06-05 02:07:00+00:00,S8a_c,-1.4106774987233721,-1.2933410705166943,-0.004809000990684969,0.0034090009906849687,SL,L
S8a,structure,2026-06-05 02:42:00+00:00,S8a_c,-1.5215665892499601,-1.3725475637499716,-0.0040842210157925815,0.0026842210157925813,SL,L
S8a,structure,2026-06-07 00:40:00+00:00,S8a_c,-2.1253134336250334,-1.8037953097321666,-0.0026440978292510946,0.0012440978292510947,SL,L
S8a,structure,2026-06-08 02:36:00+00:00,S8a_c,-0.043967011853257375,0.15429198648157533,-0.00017741242404141684,0.004035125803717155,TP,L
S8a,structure,2026-06-09 02:16:00+00:00,S8a_c,-0.22155724853984618,-0.009074905008299572,-0.0008341671871929527,0.003765018714984317,TP,L
S8a,structure,2026-06-09 02:26:00+00:00,S8a_c,0.01342057964916968,0.38337743627218324,2.9020853451234207e-05,0.0021624143077180503,TP,L
S8a,structure,2026-06-09 03:33:00+00:00,S8a_c,0.16242915531334837,0.503734332425058,0.00038072473834215525,0.002343943349380131,TP,L
S8a,structure,2026-06-15 02:01:00+00:00,S8a_c,1.3300655945415143,1.7418674179674576,0.0025838945218380404,0.0019426820244370974,TP,L
S8a,structure,2026-06-17 06:31:00+00:00,S8a_c,-0.10055543135482872,0.17548937558030242,-0.00029141770851268687,0.00289808023879252,TP,L
S8a,structure,2026-06-18 13:47:00+00:00,S8a_c,-0.17296295580592394,0.31980869195538736,-0.00028080017442838547,0.001623470026399538,TP,L
S8a,structure,2026-06-21 00:24:00+00:00,S8a_c,-0.6945879516932669,-0.08736558504474694,-0.0009151019327920335,0.0013174745265321654,TP,L
S8a,structure,2026-06-29 00:16:00+00:00,S8a_c,-0.0931097145611821,0.2386473882226595,-0.0002245250245553255,0.0024114027801877837,TP,L
S8a,structure,2026-06-29 00:48:00+00:00,S8a_c,0.7973067835879848,1.0138337713309113,0.0029458010454921912,0.003694689555048938,TP,L
S8a,structure,2026-06-29 14:14:00+00:00,S8a_c,1.148476870592087,1.3476308819160512,0.004613421996201156,0.004016991647226424,TP,L
S8a,structure,2026-08-08 03:56:00+00:00,S8a,-1.1825058648764686,-0.3384286189738072,-0.0011207560640845275,0.0009477805543075324,BE,S
S8a,structure,2026-08-09 11:37:00+00:00,S8a,-3.6623290636379986,-1.0153556240291635,-0.0011068729315785533,0.00030223197106134253,BE,S
S8a,structure,2026-08-10 01:49:00+00:00,S8a,-1.5159044642730792,-1.3685031887664851,-0.004113680723760805,0.002713680723760805,SL,S
S8a,structure,2026-08-17 02:27:00+00:00,S8a,-2.4322266931140346,-2.023019066510025,-0.0023774988880817705,0.0009774988880817705,SL,S
S8a,structure,2026-08-25 01:21:00+00:00,S8a_c,-1.5634968481751121,-1.402497748696509,-0.0038844859461661723,0.0024844859461661726,SL,S
S8a,structure,2026-08-28 01:18:00+00:00,S8a_c,-1.3560381166588582,-1.2543129404706128,-0.005332163255827538,0.003932163255827538,SL,S
S8a,structure,2026-09-04 11:28:00+00:00,S8a_c,-1.4287733513391851,-0.452249981243964,-0.0011704980301289582,0.0008192328258585267,TP,S
S8a,structure,2026-09-06 01:52:00+00:00,S8a_c,-0.9149781262896552,-0.10265824311888713,-0.0009011012978957758,0.000984833704768275,TP,S
S8a,structure,2026-09-06 02:04:00+00:00,S8a_c,-0.4745394309541626,0.2231489092289627,-0.0005441276898273612,0.0011466437862355855,TP,S
S8a,structure,2026-09-21 00:36:00+00:00,S8a_c,0.25476453499533686,0.6409154394705511,0.000527803057390874,0.0020717289296194024,TP,S
S8a,structure,2026-09-21 01:30:00+00:00,S8a_c,-0.06406552691976145,0.05963116470611025,-0.0004143394690847939,0.006467432471190495,TP,S
S8a,structure,2026-09-21 02:22:00+00:00,S8a_c,-0.34846857485527916,-0.047885785455648436,-0.0009274478437073343,0.0026614963604465864,TP,S
S8a,structure,2026-09-21 03:03:00+00:00,S8a_c,-0.39531288621141314,0.15031609111133434,-0.0005796068796068795,0.0014661977886977,TP,S
S8a,structure,2026-09-21 03:16:00+00:00,S8a_c,-2.0211042515703364,-1.7293601796930973,-0.0027710647055351765,0.0013710647055351765,SL,S
S8a,structure,2026-09-25 01:52:00+00:00,S8a_c,-1.5943529872359663,-1.4245378480256903,-0.003755502588639604,0.002355502588639604,SL,S
S8a,structure,2026-09-27 02:08:00+00:00,S8a_c,0.2008637702605961,0.8337512937351307,0.0002539013809693825,0.001264047670916346,TP,S
S8b,structure,2025-06-01 12:33:00+00:00,S8b,-3.4619646621564413,-2.7585461872546007,-0.001968651541396917,0.0005686515413969169,SL,L
S8c,structure,2024-12-03 08:55:00+00:00,S8c,-1.9737708450887725,-1.9737708450887723,-0.0032430970469794033,0.0016430970469794033,SL,L
S8c,structure,2025-02-10 01:42:00+00:00,S8c,1.23908129513458,1.3000515164580666,0.016258183332620066,0.013121159520735256,TP,L
S8c,structure,2025-02-13 14:24:00+00:00,S8c,-0.2932636819278443,-0.20402128642531633,-0.0013144590316136772,0.004482174618325537,BE,L
S8c,structure,2025-06-01 06:31:00+00:00,S8c,-1.5000606341256402,-1.5000606341256406,-0.00479961198864936,0.00319961198864936,SL,L
S8c,structure,2025-06-01 13:07:00+00:00,S8c,0.2722075422364071,0.4549384004552832,0.0005958655147569111,0.0021890117733747924,TP,L
S8c,structure,2026-08-04 03:55:00+00:00,S8c,-1.5201186629015475,-1.5201186629015475,-0.004676221089768628,0.003076221089768628,SL,S
S8c,structure,2026-08-04 07:53:00+00:00,S8c,0.5157639280482014,0.667762233380731,0.0013572886274484562,0.0026316082875063123,TP,S
S8c,structure,2026-08-10 12:02:00+00:00,S8c,1.0301731109595713,1.2624914960300397,0.0035474527275044295,0.0034435501080008753,TP,S
S8c,structure,2026-08-17 13:47:00+00:00,S8c,-1.5884502277163353,-1.5884502277163353,-0.004319006510048094,0.002719006510048095,SL,S
S9,structure,2024-12-02 07:30:00+00:00,S9_5m,0.20548650864701828,0.39780798423320446,0.0004273813062648479,0.002079850930744058,TP,L
S9,structure,2024-12-02 08:20:00+00:00,S9_5m,-1.6899016433447074,-1.6899016433447074,-0.003919171167998746,0.0023191711679987465,SL,L
S9,structure,2024-12-02 08:45:00+00:00,S9_15m,-1.797975565176604,-1.7979755651766038,-0.003605073926851252,0.0020050739268512516,SL,L
S9,structure,2024-12-02 12:55:00+00:00,S9_5m,-3.339961177014202,-3.3399611770142013,-0.0022837720282357873,0.000683772028235787,SL,L
S9,structure,2024-12-02 14:00:00+00:00,S9_15m,0.3722302326200913,0.5290157721343817,0.0009496544994474159,0.0025512556913039894,TP,L
S9,structure,2024-12-02 15:05:00+00:00,S9_5m,2.2462060171663705,2.358664810365986,0.007989436675456154,0.003556858371136844,TP,L
S9,structure,2024-12-03 01:05:00+00:00,S9_5m,-2.0438068508874094,-2.0438068508874094,-0.0031328506405564724,0.0015328506405564725,SL,L
S9,structure,2024-12-03 01:25:00+00:00,S9_5m,-2.4026753144438957,-2.4026753144438957,-0.00274067737809611,0.00114067737809611,SL,L
S9,structure,2024-12-03 01:55:00+00:00,S9_5m,-2.0596216064582378,-2.0596216064582378,-0.0031099729849299366,0.0015099729849299367,SL,L
S9,structure,2024-12-03 07:00:00+00:00,S9_15m,-0.1508029393576958,-0.0014852846795522733,-0.0004039788588502915,0.002678852683979038,TP,L
S9,structure,2024-12-03 07:05:00+00:00,S9_5m,-1.8385894761655508,-1.8385894761655508,-0.0035079657513900574,0.0019079657513900576,SL,L
S9,structure,2024-12-03 07:20:00+00:00,S9_5m,-1.744665155393053,-1.744665155393053,-0.0037486167150596428,0.002148616715059643,SL,L
S9,structure,2024-12-03 09:55:00+00:00,S9_5m,-2.3618424121122112,-2.3618424121122112,-0.002774878962330456,0.001174878962330456,SL,L
S9,structure,2024-12-03 12:05:00+00:00,S9_5m,-2.801300950018525,-2.801300950018525,-0.002488246908426682,0.000888246908426682,SL,L
S9,structure,2024-12-03 12:10:00+00:00,S9_5m,-2.610237729857711,-2.6102377298577104,-0.002593642100375691,0.000993642100375691,SL,L
S9,structure,2024-12-03 13:55:00+00:00,S9_5m,-1.506107626923393,-1.506107626923393,-0.004761382905304812,0.003161382905304812,SL,L
S9,structure,2024-12-03 14:00:00+00:00,S9_5m,4.224871233158579,4.521983258923808,0.005687916835109135,0.001346293536822603,TP,L
S9,structure,2024-12-03 14:35:00+00:00,S9_5m,5.485552313906961,5.734080793396632,0.00882885104382566,0.0016094734930232595,TP,L
S9,structure,2024-12-03 15:45:00+00:00,S9_15m,-1.4168266116201316,-1.4168266116201318,-0.005438526512933236,0.003838526512933236,SL,L
S9,structure,2024-12-03 16:20:00+00:00,S9_5m,-1.9599138743102469,-1.9599138743102469,-0.003266816203849217,0.001666816203849217,SL,L
S9,structure,2024-12-03 16:50:00+00:00,S9_5m,-2.3998264670025673,-2.3998264670025673,-0.00274299882000807,0.00114299882000807,SL,L
S9,structure,2024-12-04 01:30:00+00:00,S9_15m,0.9975243672321911,1.0761816080011828,0.005072765621981656,0.005085355093687533,TP,L
S9,structure,2024-12-04 02:15:00+00:00,S9_5m,0.2969794004105175,0.5000271187161925,0.0005850435609691204,0.001969980275266261,TP,L
S9,structure,2024-12-04 03:25:00+00:00,S9_5m,0.8226750172972898,0.9946733280018563,0.0019132165052722174,0.0023256042362361407,TP,L
S9,structure,2024-12-04 12:20:00+00:00,S9_5m,-2.4004202762285782,-2.400420276228578,-0.0027425141631831434,0.001142514163183143,SL,L
S9,structure,2024-12-04 13:30:00+00:00,S9_5m,-2.8866517186152922,-2.8866517186152922,-0.002448063256303776,0.0008480632563037759,SL,L
S9,structure,2024-12-04 14:00:00+00:00,S9_15m,0.483598226007983,0.5673090482556895,0.0023108038507947313,0.004778354688911918,TP,L
S9,structure,2024-12-04 15:00:00+00:00,S9_5m,-1.3888537922152984,-1.3888537922152986,-0.005714657056280221,0.004114657056280221,SL,L
S9,structure,2024-12-04 16:25:00+00:00,S9_5m,-3.252532977619644,-3.252532977619644,-0.002310311465313504,0.0007103114653135041,SL,L
S9,structure,2024-12-04 16:50:00+00:00,S9_5m,0.6040863243938578,0.6730915025845355,0.0035016869181882103,0.005796666431245261,TP,L
S9,structure,2025-01-13 08:15:00+00:00,S9_5m,-1.7097503135331826,-1.7097503135331826,-0.003854313903765814,0.0022543139037658143,SL,L
S9,structure,2025-01-13 08:20:00+00:00,S9_5m,-2.0217473493876823,-2.0217473493876823,-0.003165944850220415,0.0015659448502204148,SL,L
S9,structure,2025-01-13 09:45:00+00:00,S9_5m,-3.3826782965622555,-3.382678296562255,-0.002271513230430013,0.0006715132304300127,SL,L
S9,structure,2025-02-12 03:10:00+00:00,S9_5m,2.5406472425705626,2.7403544386133656,0.005088744507786345,0.0020029323325648635,TP,L
S9,structure,2025-02-12 14:00:00+00:00,S9_1H,3.416959516834522,3.4828370688472186,0.020747337522049807,0.006071871036174927,TP,L
S9,structure,2025-02-14 15:30:00+00:00,S9_15m,6.442973859643046,6.667934573219924,0.011456176071278718,0.0017780882432314282,TP,L
S9,structure,2025-06-02 11:45:00+00:00,S9_5m,-2.3882105421220925,-2.388210542122092,-0.002752562922879231,0.0011525629228792307,SL,L
S9,structure,2025-06-02 12:10:00+00:00,S9_5m,1.1099422082140522,1.5099372037629735,0.001109956095016495,0.0010000125112842272,TP,L
S9,structure,2025-06-02 13:05:00+00:00,S9_5m,-3.7171952710967453,-3.7171952710967444,-0.002188842479235653,0.0005888424792356531,SL,L
S9,structure,2025-06-02 13:10:00+00:00,S9_5m,-2.7417496990317733,-2.7417496990317725,-0.002518616492880366,0.0009186164928803658,SL,L
S9,structure,2025-06-02 13:50:00+00:00,S9_5m,-2.370895758150681,-2.370895758150681,-0.002767120104126938,0.001167120104126938,SL,L
S9,structure,2025-06-02 13:55:00+00:00,S9_5m,2.807668860864102,2.9635018264111337,0.007206867561066117,0.002566850977877817,TP,L
S9,structure,2025-10-16 07:55:00+00:00,S9_5m,-1.7520251369368773,-1.7520251369368771,-0.003727588456041596,0.0021275884560415957,SL,L
S9,structure,2025-10-16 08:00:00+00:00,S9_5m,-0.255305637177376,0.011206244443404786,-0.00038318087077355873,0.001500871171549339,TP,L
S9,structure,2025-10-16 08:10:00+00:00,S9_5m,-1.5834932183405954,-1.5834932183405954,-0.004342105563026529,0.002742105563026529,SL,L
S9,structure,2026-08-09 11:10:00+00:00,S9_5m,-5.166941877018036,-5.166941877018036,-0.001983974638289171,0.000383974638289171,SL,S
S9,structure,2026-08-09 13:10:00+00:00,S9_5m,-4.2784789531763385,-4.2784789531763385,-0.00208803119460317,0.0004880311946031703,SL,S
S9,structure,2026-08-09 13:30:00+00:00,S9_5m,-4.6303140420930236,-4.6303140420930236,-0.002040733220720909,0.000440733220720909,SL,S
S9,structure,2026-08-09 13:35:00+00:00,S9_5m,-3.863584104249007,-3.8635841042490062,-0.002158740355356041,0.0005587403553560409,SL,S
S9,structure,2026-08-09 14:35:00+00:00,S9_5m,-8.08501392757789,-8.08501392757789,-0.0018258287727243724,0.00022582877272437233,SL,S
S9,structure,2026-08-09 15:00:00+00:00,S9_5m,-0.2454394099051114,0.09828240252903767,-0.00028562564379254593,0.0011637317898660644,TP,S
S9,structure,2026-08-10 00:10:00+00:00,S9_5m,-2.3387855543256544,-2.3387855543256544,-0.002795112984921561,0.0011951129849215613,SL,S
S9,structure,2026-08-10 00:15:00+00:00,S9_5m,0.272917550568641,0.3653192334707223,0.001181439740043928,0.00432892548530618,TP,S
S9,structure,2026-08-10 01:20:00+00:00,S9_5m,-2.385744320831385,-2.3857443208313844,-0.002754614149196059,0.001154614149196059,SL,S
S9,structure,2026-08-10 02:30:00+00:00,S9_5m,-1.6643650199840125,-1.6643650199840125,-0.004008314634082483,0.002408314634082484,SL,S
S9,structure,2026-08-10 06:10:00+00:00,S9_5m,1.1087622723771167,1.2155500647424269,0.004153142406331057,0.003745746504728178,TP,S
S9,structure,2026-08-17 00:45:00+00:00,S9_5m,-4.650730292261771,-4.650730292261771,-0.0020382684755955328,0.00043826847559553275,SL,S
S9,structure,2026-08-17 01:10:00+00:00,S9_5m,-1.8923166424267204,-1.8923166424267204,-0.0033930854630803285,0.0017930854630803287,SL,S
S9,structure,2026-08-17 01:30:00+00:00,S9_5m,-1.6769295963524231,-1.6769295963524231,-0.0039636135997324715,0.0023636135997324717,SL,S
S9,structure,2026-08-17 02:35:00+00:00,S9_5m,-3.4169564127357517,-3.4169564127357517,-0.0022619895963241475,0.0006619895963241475,SL,S
S9,structure,2026-08-17 03:00:00+00:00,S9_15m,-1.535848518233764,-1.535848518233764,-0.004585918492923777,0.002985918492923777,SL,S
