strat,window,killzone,open_rule,n,win,avgR,totR,PF,mddR,long_n,y1_n,y1_totR,y2_n,y2_totR,med_risk_pct
S1,1d,True,daily,144,0.2569444444444444,-0.44070575817779495,-63.461629177602475,0.519001357373112,67.82508512855613,87,73,-34.799702333552254,71,-28.66192684405021,0.7067931513472339
S1,1d,True,strict,35,0.2,-0.5708292260284392,-19.979022910995372,0.415705152042837,25.625694955974986,16,20,-6.416261972975287,15,-13.562760938020082,0.7418109668671318
S1,1d,False,daily,188,0.26595744680851063,-0.4777915731901603,-89.82481575975014,0.4734826507528435,95.45297084385534,110,102,-52.57671697481178,86,-37.24809878493836,0.7682123978700443
S1,1d,False,strict,47,0.19148936170212766,-0.6592647722136454,-30.985444294041333,0.33545835541031377,37.48796371255086,19,30,-17.369668844732374,17,-13.615775449308957,0.7649838841372505
S1,3d,True,daily,147,0.25170068027210885,-0.4535532037037411,-66.67232094444994,0.5066715091074386,71.0357768954036,88,74,-35.855678290266056,73,-30.816642654183884,0.7234766867800255
S1,3d,True,strict,37,0.1891891891891892,-0.6021145955082575,-22.278240033805528,0.3895136458526698,27.924912078785134,16,21,-7.668753073894286,16,-14.609486959911239,0.7418109668671318
S1,3d,False,daily,192,0.265625,-0.47900445343461345,-91.96885505944579,0.47088926938768483,97.597010143551,112,102,-52.57671697481178,90,-39.39213808463401,0.7768955780868083
S1,3d,False,strict,50,0.18,-0.6941405887930665,-34.707029439653326,0.3106623851926248,41.20954885816284,20,31,-18.98327473535234,19,-15.723754704300989,0.792212654496328
S1,7d,True,daily,149,0.2550335570469799,-0.4443123149174109,-66.20253492269423,0.5139378041439735,70.56599087364788,90,75,-34.332038121147235,74,-31.870496801546995,0.7295571892398843
S1,7d,True,strict,39,0.20512820512820512,-0.5591911285140978,-21.808454012049815,0.41916090139614537,27.455126057029428,18,22,-6.145112904775465,17,-15.66334110727435,0.7435927066096033
S1,7d,False,daily,192,0.265625,-0.47900445343461345,-91.96885505944579,0.47088926938768483,97.597010143551,112,102,-52.57671697481178,90,-39.39213808463401,0.7768955780868083
S1,7d,False,strict,51,0.19607843137254902,-0.6504470482860583,-33.17279946258897,0.3409960597304566,39.67531888109849,21,32,-17.459634566233515,19,-15.713164896355464,0.8194414248554055
S1,15d,True,daily,149,0.2550335570469799,-0.4443123149174109,-66.20253492269423,0.5139378041439735,70.56599087364788,90,75,-34.332038121147235,74,-31.870496801546995,0.7295571892398843
S1,15d,True,strict,39,0.20512820512820512,-0.5591911285140978,-21.808454012049815,0.41916090139614537,27.455126057029428,18,22,-6.145112904775465,17,-15.66334110727435,0.7435927066096033
S1,15d,False,daily,192,0.265625,-0.47900445343461345,-91.96885505944579,0.47088926938768483,97.597010143551,112,102,-52.57671697481178,90,-39.39213808463401,0.7768955780868083
S1,15d,False,strict,51,0.19607843137254902,-0.6504470482860583,-33.17279946258897,0.3409960597304566,39.67531888109849,21,32,-17.459634566233515,19,-15.713164896355464,0.8194414248554055
S2,1d,True,daily,24,0.20833333333333334,-0.1746147863512705,-4.190754872430492,0.5400673695147082,8.01683829850078,15,14,-0.9015692457724356,10,-3.2891856266580586,0.44985643078452825
S2,1d,True,strict,12,0.3333333333333333,-0.34614191251421084,-4.15370295017053,0.19046285579449151,4.596279062243488,3,8,-3.7907326161681523,4,-0.3629703340023781,0.3622871784866042
S2,1d,False,daily,31,0.1935483870967742,-0.21272785629390303,-6.594563545110994,0.4348490121728588,10.225214887862172,19,15,-1.0970013290915412,16,-5.497562216019452,0.4345914633861368
S2,1d,False,strict,15,0.3333333333333333,-0.31721107341912447,-4.758166101286867,0.1919725326415822,5.177671398460762,5,9,-3.813803431067215,6,-0.9443626702196529,0.39006445785606453
S2,3d,True,daily,28,0.21428571428571427,-0.22914679129767226,-6.416110156334823,0.44476885354035534,9.056145371620106,17,15,-2.0876174565574392,13,-4.328492699777384,0.5080533726156498
S2,3d,True,strict,13,0.38461538461538464,-0.3026910204196764,-3.934983265455793,0.233090292341977,4.37755937752875,4,8,-3.7907326161681523,5,-0.14425064928764073,0.39006445785606453
S2,3d,False,daily,34,0.20588235294117646,-0.22194885313495613,-7.546261006588509,0.412243438652272,11.155419035188856,21,16,-1.118494643242372,18,-6.427766363346137,0.48490475859636073
S2,3d,False,strict,16,0.375,-0.28371540103575815,-4.53944641657213,0.22911531184251907,4.958951713746026,6,9,-3.813803431067215,7,-0.7256429855049156,0.41199308966667514
S2,7d,True,daily,32,0.21875,-0.25658059178758813,-8.21057893720282,0.4096323932091197,9.330327004483266,19,15,-3.2932077121470713,17,-4.917371225055748,0.5080533726156498
S2,7d,True,strict,18,0.3333333333333333,-0.38856478511888315,-6.994166132139896,0.20923384262996925,7.014634486071984,7,10,-6.196721812603199,8,-0.7974443195366963,0.4696397911979693
S2,7d,False,daily,36,0.2222222222222222,-0.21666776314739267,-7.8000394733061365,0.43152269642164703,8.724355457267475,21,16,-3.488639795466177,20,-4.311399677839959,0.48490475859636073
S2,7d,False,strict,20,0.35,-0.3192546178635166,-6.385092357270332,0.23886589648355297,6.40556071120242,8,11,-6.219792627502262,9,-0.16529972976806995,0.4342565924317112
S2,15d,True,daily,27,0.25925925925925924,-0.23955985905105082,-6.468116194378372,0.4683058727274471,9.07493380667334,14,11,-1.5912858957042326,16,-4.87683029867414,0.5046881190098017
S2,15d,True,strict,18,0.3333333333333333,-0.38856478511888315,-6.994166132139896,0.20923384262996925,7.014634486071984,7,10,-6.196721812603199,8,-0.7974443195366963,0.4696397911979693
S2,15d,False,daily,33,0.24242424242424243,-0.22757118792399103,-7.509849201491704,0.4408463565682765,9.921234730467564,17,13,-2.2849708406669045,20,-5.224878360824798,0.4345914633861368
S2,15d,False,strict,22,0.3181818181818182,-0.3562438558309248,-7.837364828280346,0.20361626577920658,7.857833182212435,9,12,-6.718045489145827,10,-1.1193193391345186,0.41199308966667514
S3,1d,True,daily,59,0.1694915254237288,-0.35924929280798384,-21.19570827567105,0.7193282828768711,31.909668528855235,31,26,-24.998027416916962,33,3.802319141245905,0.3325907357448068
S3,1d,True,strict,26,0.2692307692307692,0.08591150982409411,2.2336992554264468,1.0738065533627377,9.681334577811562,8,11,-3.2264225709871726,15,5.460121826413619,0.32332480712009537
S3,1d,False,daily,79,0.189873417721519,-0.24452191167721635,-19.317231022500092,0.7957190546362132,38.361937314492415,43,39,-28.434687089444218,40,9.11745606694412,0.37306571783360326
S3,1d,False,strict,35,0.2571428571428571,-0.017892442748495423,-0.6262354961973398,0.9840780952249298,12.715850803641047,13,19,-5.731696263590869,16,5.105460767393531,0.3324120910723209
S3,3d,True,daily,68,0.20588235294117646,-0.13699148785707863,-9.315421174281347,0.885499950845939,27.218660433180357,33,29,-20.30701932124208,39,10.991598146960733,0.3713085451943207
S3,3d,True,strict,32,0.28125,-0.008867746833577272,-0.2837678986744727,0.9918743960579075,9.942384538443102,9,14,-4.575033513617631,18,4.291265614943159,0.35975916112092776
S3,3d,False,daily,86,0.20930232558139536,0.012499020639607896,1.074915775006279,1.0108394927410478,32.85730904669028,45,40,-22.930058821642085,46,24.00497459664837,0.4026125866471295
S3,3d,False,strict,40,0.275,0.22328050433393126,8.93122017335725,1.2088924729596329,12.225156361580636,14,20,-6.68430575053781,20,15.615525923895056,0.39871573588198955
S3,7d,True,daily,75,0.21333333333333335,-0.32529692950796985,-24.39726971309774,0.7190673940488237,29.885030523013285,37,32,-17.933244843677322,43,-6.464024869420415,0.40537664784462246
S3,7d,True,strict,41,0.3170731707317073,-0.02646821461096342,-1.0851967990495002,0.9737510633571996,12.237164105284375,14,18,-4.268765704552832,23,3.1835689055033347,0.4183840309531034
S3,7d,False,daily,92,0.22826086956521738,-0.09465928849956379,-8.708654541959868,0.9147023842619713,30.641275623439725,50,43,-20.55628434407733,49,11.847629802117456,0.4266620406284574
S3,7d,False,strict,49,0.30612244897959184,0.16591410761188205,8.12979127298222,1.1653239051086643,13.102572985676296,19,24,-6.378037941473009,25,14.507829214455235,0.42437326664113395
S3,15d,True,daily,66,0.19696969696969696,-0.46366304770624805,-30.601761148612372,0.6078083061264338,30.601761148612372,31,31,-15.578719607376511,35,-15.023041541235862,0.4026125866471295
S3,15d,True,strict,37,0.2972972972972973,-0.20834775484976004,-7.708866929441122,0.8013792811253552,12.237164105284375,11,18,-4.268765704552832,19,-3.440101224888291,0.38491768778427465
S3,15d,False,daily,88,0.2159090909090909,-0.17362792197271315,-15.279257133598758,0.8464607751394865,31.864500357805767,46,42,-18.20175910777652,46,2.922501974177757,0.4238041213674448
S3,15d,False,strict,47,0.2765957446808511,-0.04407720910800527,-2.0716288280762476,0.9587507118323655,16.680322956343147,16,24,-6.378037941473009,23,4.306409113396755,0.4125137839797045
