strat,mode,window,killzone,n,win,avgR,totR,PF,mddR,mk_avgR,mk_totR,mk_PF,long_n,y1_n,y1_totR,y2_n,y2_totR,med_risk_pct,exits
S2-B,structure,1d,True,4,0.25,-1.7000160919612848,-6.800064367845139,0.08561113744707856,7.436731402064268,-1.348935353138916,-5.395741412555664,0.12535916356360954,1,1,-1.3645418084722305,3,-5.435522559372909,0.24693466239685177,"{'SL': 3, 'TP': 1}"
S2-B,structure,1d,False,6,0.16666666666666666,-1.5883218343294903,-9.529931005976941,0.06262340968944717,10.166598040196071,-1.3195124542511585,-7.917074725506951,0.08898900258801427,3,3,-4.0944084466040325,3,-5.435522559372909,0.3263774555172978,"{'SL': 5, 'TP': 1}"
S2-B,structure,3d,True,4,0.25,-1.7000160919612848,-6.800064367845139,0.08561113744707856,7.436731402064268,-1.348935353138916,-5.395741412555664,0.12535916356360954,1,1,-1.3645418084722305,3,-5.435522559372909,0.24693466239685177,"{'SL': 3, 'TP': 1}"
S2-B,structure,3d,False,6,0.16666666666666666,-1.5883218343294903,-9.529931005976941,0.06262340968944717,10.166598040196071,-1.3195124542511585,-7.917074725506951,0.08898900258801427,3,3,-4.0944084466040325,3,-5.435522559372909,0.3263774555172978,"{'SL': 5, 'TP': 1}"
S2-B,structure,7d,True,4,0.25,-1.7000160919612848,-6.800064367845139,0.08561113744707856,7.436731402064268,-1.348935353138916,-5.395741412555664,0.12535916356360954,1,1,-1.3645418084722305,3,-5.435522559372909,0.24693466239685177,"{'SL': 3, 'TP': 1}"
S2-B,structure,7d,False,6,0.16666666666666666,-1.5883218343294903,-9.529931005976941,0.06262340968944717,10.166598040196071,-1.3195124542511585,-7.917074725506951,0.08898900258801427,3,3,-4.0944084466040325,3,-5.435522559372909,0.3263774555172978,"{'SL': 5, 'TP': 1}"
S2-B,structure,15d,True,4,0.25,-1.7000160919612848,-6.800064367845139,0.08561113744707856,7.436731402064268,-1.348935353138916,-5.395741412555664,0.12535916356360954,1,1,-1.3645418084722305,3,-5.435522559372909,0.24693466239685177,"{'SL': 3, 'TP': 1}"
S2-B,structure,15d,False,6,0.16666666666666666,-1.5883218343294903,-9.529931005976941,0.06262340968944717,10.166598040196071,-1.3195124542511585,-7.917074725506951,0.08898900258801427,3,3,-4.0944084466040325,3,-5.435522559372909,0.3263774555172978,"{'SL': 5, 'TP': 1}"
S2-B,narrative,1d,True,0,,,0.0,,0.0,,0.0,,0,0,0.0,0,0.0,,{}
S2-B,narrative,1d,False,7,0.2857142857142857,-1.5156305942604131,-10.609414159822892,0.19138932865170286,13.120546804227178,-0.979734067635192,-6.858138473446344,0.3087209649284816,6,2,-2.729866638131802,5,-7.87954752169109,0.2687111696960359,"{'SL': 4, 'TP': 2, 'BE': 1}"
S2-B,narrative,3d,True,0,,,0.0,,0.0,,0.0,,0,0,0.0,0,0.0,,{}
S2-B,narrative,3d,False,7,0.2857142857142857,-1.5156305942604131,-10.609414159822892,0.19138932865170286,13.120546804227178,-0.979734067635192,-6.858138473446344,0.3087209649284816,6,2,-2.729866638131802,5,-7.87954752169109,0.2687111696960359,"{'SL': 4, 'TP': 2, 'BE': 1}"
S2-B,narrative,7d,True,0,,,0.0,,0.0,,0.0,,0,0,0.0,0,0.0,,{}
S2-B,narrative,7d,False,7,0.2857142857142857,-1.5156305942604131,-10.609414159822892,0.19138932865170286,13.120546804227178,-0.979734067635192,-6.858138473446344,0.3087209649284816,6,2,-2.729866638131802,5,-7.87954752169109,0.2687111696960359,"{'SL': 4, 'TP': 2, 'BE': 1}"
S2-B,narrative,15d,True,0,,,0.0,,0.0,,0.0,,0,0,0.0,0,0.0,,{}
S2-B,narrative,15d,False,7,0.2857142857142857,-1.5156305942604131,-10.609414159822892,0.19138932865170286,13.120546804227178,-0.979734067635192,-6.858138473446344,0.3087209649284816,6,2,-2.729866638131802,5,-7.87954752169109,0.2687111696960359,"{'SL': 4, 'TP': 2, 'BE': 1}"
S3d-B,structure,1d,True,14,0.42857142857142855,-0.4981542065440779,-6.9741588916170905,0.3311418744151498,6.974158891617091,-0.40115495301692655,-5.616169342236971,0.42300884575101566,4,5,-4.372671347292433,9,-2.601487544324659,0.5430741782347792,"{'SL': 8, 'TP': 6}"
S3d-B,structure,1d,False,23,0.4782608695652174,-0.3678866781740455,-8.461393598003047,0.44392224631951555,8.461393598003049,-0.28056330777493266,-6.452956078823451,0.5486587940693974,11,9,-3.038282141854209,14,-5.423111456148838,0.6601596586631903,"{'SL': 12, 'TP': 11}"
S3d-B,structure,3d,True,15,0.4666666666666667,-0.4437620150436958,-6.656430225655437,0.3616137066837162,6.974158891617091,-0.3448628486169728,-5.172942729254592,0.4685448364654104,4,5,-4.372671347292433,10,-2.283758878363005,0.5723725181681186,"{'SL': 8, 'TP': 7}"
S3d-B,structure,3d,False,29,0.4827586206896552,-0.38052028611107924,-11.035088297221298,0.4264768928155286,11.352816963182955,-0.289535075307684,-8.396517183922837,0.5342822889844173,13,11,-5.588489539295107,18,-5.446598757926191,0.637460627039484,"{'SL': 15, 'TP': 14}"
S3d-B,structure,7d,True,15,0.4666666666666667,-0.4283542744955509,-6.425314117433263,0.3698106474477452,6.743042783394918,-0.3338573196540121,-5.007859794810182,0.4766285552808525,4,5,-4.141555239070259,10,-2.283758878363005,0.5723725181681186,"{'SL': 8, 'TP': 7}"
S3d-B,structure,7d,False,30,0.5,-0.3209548784135343,-9.62864635240603,0.4934893838012375,9.946375018367684,-0.23093913132284452,-6.928173939685336,0.6121737004860804,13,12,-4.1820475944798385,18,-5.446598757926191,0.6313903729977586,"{'SL': 15, 'TP': 15}"
S3d-B,structure,15d,True,15,0.4666666666666667,-0.4283542744955509,-6.425314117433263,0.3698106474477452,6.743042783394918,-0.3338573196540121,-5.007859794810182,0.4766285552808525,4,5,-4.141555239070259,10,-2.283758878363005,0.5723725181681186,"{'SL': 8, 'TP': 7}"
S3d-B,structure,15d,False,31,0.5161290322580645,-0.30144816837230215,-9.344893219541367,0.5084160898942175,9.662621885503022,-0.2119251558724724,-6.569679832046645,0.6322415342866522,13,13,-3.8982944616151776,18,-5.446598757926191,0.637460627039484,"{'TP': 16, 'SL': 15}"
S3d-B,narrative,1d,True,7,0.2857142857142857,-0.9285559813555019,-6.499891869488513,0.10258593726029692,6.499891869488513,-0.8098814170372327,-5.669169919260629,0.14130556091482613,3,2,-2.435377238391064,5,-4.064514631097448,0.5137758383014396,"{'SL': 5, 'TP': 2}"
S3d-B,narrative,1d,False,13,0.38461538461538464,-0.5775297231084824,-7.507886400410271,0.32985615658861617,7.5078864004102694,-0.4716186651394971,-6.131042646813462,0.40406692216745693,9,6,-2.2881132995987103,7,-5.21977310081156,0.5841856178932904,"{'SL': 8, 'TP': 5}"
S3d-B,narrative,3d,True,7,0.2857142857142857,-0.9285559813555019,-6.499891869488513,0.10258593726029692,6.499891869488513,-0.8098814170372327,-5.669169919260629,0.14130556091482613,3,2,-2.435377238391064,5,-4.064514631097448,0.5137758383014396,"{'SL': 5, 'TP': 2}"
S3d-B,narrative,3d,False,14,0.42857142857142855,-0.5015151019513462,-7.021211427318846,0.3732961102008335,7.021211427318844,-0.3969574532474895,-5.557404345464853,0.4598241657845734,10,6,-2.2881132995987103,8,-4.733098127720135,0.6221726382782403,"{'SL': 8, 'TP': 6}"
S3d-B,narrative,7d,True,9,0.4444444444444444,-0.46209681721129825,-4.1588713549016845,0.4258012727052042,4.355068410649189,-0.3446201034020866,-3.1015809306187796,0.5302115943911745,3,3,-0.5468239500593424,6,-3.6120474048423423,0.5774739496322432,"{'SL': 5, 'TP': 4}"
S3d-B,narrative,7d,False,16,0.5,-0.29251193204575116,-4.6801909127320185,0.5822524531023967,5.023651907271876,-0.1868634598014377,-2.9898153568230033,0.7093920283414488,10,7,-0.3995600112669886,9,-4.280630901465029,0.6221726382782403,"{'SL': 8, 'TP': 8}"
S3d-B,narrative,15d,True,9,0.4444444444444444,-0.46209681721129825,-4.1588713549016845,0.4258012727052042,4.355068410649189,-0.3446201034020866,-3.1015809306187796,0.5302115943911745,3,3,-0.5468239500593424,6,-3.6120474048423423,0.5774739496322432,"{'SL': 5, 'TP': 4}"
S3d-B,narrative,15d,False,16,0.5,-0.29251193204575116,-4.6801909127320185,0.5822524531023967,5.023651907271876,-0.1868634598014377,-2.9898153568230033,0.7093920283414488,10,7,-0.3995600112669886,9,-4.280630901465029,0.6221726382782403,"{'SL': 8, 'TP': 8}"
S3w-B,structure,1d,True,0,,,0.0,,0.0,,0.0,,0,0,0.0,0,0.0,,{}
S3w-B,structure,1d,False,0,,,0.0,,0.0,,0.0,,0,0,0.0,0,0.0,,{}
S3w-B,structure,3d,True,1,0.0,-1.325366128485681,-1.325366128485681,0.0,1.325366128485681,-1.232404377489772,-1.232404377489772,0.0,1,1,-1.325366128485681,0,0.0,0.43028449412232295,{'SL': 1}
S3w-B,structure,3d,False,1,0.0,-1.325366128485681,-1.325366128485681,0.0,1.325366128485681,-1.232404377489772,-1.232404377489772,0.0,1,1,-1.325366128485681,0,0.0,0.43028449412232295,{'SL': 1}
S3w-B,structure,7d,True,1,0.0,-1.325366128485681,-1.325366128485681,0.0,1.325366128485681,-1.232404377489772,-1.232404377489772,0.0,1,1,-1.325366128485681,0,0.0,0.43028449412232295,{'SL': 1}
S3w-B,structure,7d,False,2,0.5,0.26948143031138994,0.5389628606227799,1.40665205563883,1.325366128485681,0.39897994596898145,0.7979598919379629,1.6474821953840273,1,1,-1.325366128485681,1,1.864328989108461,0.456054900824162,"{'SL': 1, 'TP': 1}"
S3w-B,structure,15d,True,1,0.0,-1.325366128485681,-1.325366128485681,0.0,1.325366128485681,-1.232404377489772,-1.232404377489772,0.0,1,1,-1.325366128485681,0,0.0,0.43028449412232295,{'SL': 1}
S3w-B,structure,15d,False,2,0.5,0.26948143031138994,0.5389628606227799,1.40665205563883,1.325366128485681,0.39897994596898145,0.7979598919379629,1.6474821953840273,1,1,-1.325366128485681,1,1.864328989108461,0.456054900824162,"{'SL': 1, 'TP': 1}"
S3w-B,narrative,1d,True,0,,,0.0,,0.0,,0.0,,0,0,0.0,0,0.0,,{}
S3w-B,narrative,1d,False,0,,,0.0,,0.0,,0.0,,0,0,0.0,0,0.0,,{}
S3w-B,narrative,3d,True,0,,,0.0,,0.0,,0.0,,0,0,0.0,0,0.0,,{}
S3w-B,narrative,3d,False,0,,,0.0,,0.0,,0.0,,0,0,0.0,0,0.0,,{}
S3w-B,narrative,7d,True,0,,,0.0,,0.0,,0.0,,0,0,0.0,0,0.0,,{}
S3w-B,narrative,7d,False,0,,,0.0,,0.0,,0.0,,0,0,0.0,0,0.0,,{}
S3w-B,narrative,15d,True,0,,,0.0,,0.0,,0.0,,0,0,0.0,0,0.0,,{}
S3w-B,narrative,15d,False,0,,,0.0,,0.0,,0.0,,0,0,0.0,0,0.0,,{}
S8a-B,structure,1d,True,3,0.3333333333333333,-0.3511606767402064,-1.0534820302206191,0.4444507641091516,1.8962892254388808,-0.243094256455623,-0.729282769366869,0.569305795301009,1,0,0.0,3,-1.0534820302206191,0.4387319989492401,"{'TP': 1, 'LDN': 1, 'SL': 1}"
S8a-B,structure,1d,False,4,0.25,-0.4924827796132869,-1.9699311184531476,0.2996393909528551,2.8127383136714093,-0.38489936605337327,-1.539597464213493,0.3850434684919559,2,0,0.0,4,-1.9699311184531476,0.4078063284006078,"{'LDN': 2, 'TP': 1, 'SL': 1}"
S8a-B,structure,3d,True,3,0.3333333333333333,-0.3511606767402064,-1.0534820302206191,0.4444507641091516,1.8962892254388808,-0.243094256455623,-0.729282769366869,0.569305795301009,1,0,0.0,3,-1.0534820302206191,0.4387319989492401,"{'TP': 1, 'LDN': 1, 'SL': 1}"
S8a-B,structure,3d,False,4,0.25,-0.4924827796132869,-1.9699311184531476,0.2996393909528551,2.8127383136714093,-0.38489936605337327,-1.539597464213493,0.3850434684919559,2,0,0.0,4,-1.9699311184531476,0.4078063284006078,"{'LDN': 2, 'TP': 1, 'SL': 1}"
S8a-B,structure,7d,True,3,0.3333333333333333,-0.3511606767402064,-1.0534820302206191,0.4444507641091516,1.8962892254388808,-0.243094256455623,-0.729282769366869,0.569305795301009,1,0,0.0,3,-1.0534820302206191,0.4387319989492401,"{'TP': 1, 'LDN': 1, 'SL': 1}"
S8a-B,structure,7d,False,4,0.25,-0.4924827796132869,-1.9699311184531476,0.2996393909528551,2.8127383136714093,-0.38489936605337327,-1.539597464213493,0.3850434684919559,2,0,0.0,4,-1.9699311184531476,0.4078063284006078,"{'LDN': 2, 'TP': 1, 'SL': 1}"
S8a-B,structure,15d,True,3,0.3333333333333333,-0.3511606767402064,-1.0534820302206191,0.4444507641091516,1.8962892254388808,-0.243094256455623,-0.729282769366869,0.569305795301009,1,0,0.0,3,-1.0534820302206191,0.4387319989492401,"{'TP': 1, 'LDN': 1, 'SL': 1}"
S8a-B,structure,15d,False,4,0.25,-0.4924827796132869,-1.9699311184531476,0.2996393909528551,2.8127383136714093,-0.38489936605337327,-1.539597464213493,0.3850434684919559,2,0,0.0,4,-1.9699311184531476,0.4078063284006078,"{'LDN': 2, 'TP': 1, 'SL': 1}"
S8a-B,narrative,1d,True,4,0.75,0.2769313038213084,1.1077252152852337,1.8397574332695468,1.3191014111924797,0.45346280241748005,1.8138512096699202,2.4771622412760412,0,1,0.6453242578937826,3,0.46240095739145093,0.4592865130596307,"{'TP': 3, 'SL': 1}"
S8a-B,narrative,1d,False,6,0.5,-0.2553729709265104,-1.5322378255590625,0.6129798228541622,1.7235139526117678,-0.02703116340218951,-0.16218698041313706,0.94937933459982,1,2,-1.0781896947179852,4,-0.4540481308410774,0.4078063284006078,"{'TP': 3, 'LDN': 2, 'SL': 1}"
S8a-B,narrative,3d,True,4,0.75,0.2769313038213084,1.1077252152852337,1.8397574332695468,1.3191014111924797,0.45346280241748005,1.8138512096699202,2.4771622412760412,0,1,0.6453242578937826,3,0.46240095739145093,0.4592865130596307,"{'TP': 3, 'SL': 1}"
S8a-B,narrative,3d,False,6,0.5,-0.2553729709265104,-1.5322378255590625,0.6129798228541622,1.7235139526117678,-0.02703116340218951,-0.16218698041313706,0.94937933459982,1,2,-1.0781896947179852,4,-0.4540481308410774,0.4078063284006078,"{'TP': 3, 'LDN': 2, 'SL': 1}"
S8a-B,narrative,7d,True,4,0.75,0.2769313038213084,1.1077252152852337,1.8397574332695468,1.3191014111924797,0.45346280241748005,1.8138512096699202,2.4771622412760412,0,1,0.6453242578937826,3,0.46240095739145093,0.4592865130596307,"{'TP': 3, 'SL': 1}"
S8a-B,narrative,7d,False,6,0.5,-0.2553729709265104,-1.5322378255590625,0.6129798228541622,1.7235139526117678,-0.02703116340218951,-0.16218698041313706,0.94937933459982,1,2,-1.0781896947179852,4,-0.4540481308410774,0.4078063284006078,"{'TP': 3, 'LDN': 2, 'SL': 1}"
S8a-B,narrative,15d,True,4,0.75,0.2769313038213084,1.1077252152852337,1.8397574332695468,1.3191014111924797,0.45346280241748005,1.8138512096699202,2.4771622412760412,0,1,0.6453242578937826,3,0.46240095739145093,0.4592865130596307,"{'TP': 3, 'SL': 1}"
S8a-B,narrative,15d,False,6,0.5,-0.2553729709265104,-1.5322378255590625,0.6129798228541622,1.7235139526117678,-0.02703116340218951,-0.16218698041313706,0.94937933459982,1,2,-1.0781896947179852,4,-0.4540481308410774,0.4078063284006078,"{'TP': 3, 'LDN': 2, 'SL': 1}"
