sym,strat,seg,trades,ret,cagr,mdd,sharpe
BTC,추세돌파(2%),4년 전체,60,64.72,13.96,12.32,1.0
BTC,추세돌파(2%),전반 2년,60,34.35,16.72,12.32,1.02
BTC,추세돌파(2%),후반 2년,60,22.3,11.12,10.24,1.01
BTC,추세돌파(2%),H1,60,22.7,50.73,4.55,2.01
BTC,추세돌파(2%),H2,60,6.33,13.09,6.55,0.93
BTC,추세돌파(2%),H3,60,9.95,20.95,7.56,1.16
BTC,추세돌파(2%),H4,60,-1.78,-3.54,7.12,-0.29
BTC,추세돌파(2%),H5,60,6.86,14.22,2.5,1.42
BTC,추세돌파(2%),H6,60,0.68,1.37,7.68,0.17
BTC,추세돌파(2%),H7,60,-1.63,-3.23,3.11,-0.56
BTC,추세돌파(2%),H8,60,8.9,29.6,2.42,2.05
BTC,일목A 실거래,4년 전체,71,37.31,8.66,20.99,0.72
BTC,일목A 실거래,전반 2년,71,12.1,6.17,20.99,0.51
BTC,일목A 실거래,후반 2년,71,22.18,11.06,10.84,0.96
BTC,일목A 실거래,H1,71,8.17,17.05,5.02,1.21
BTC,일목A 실거래,H2,71,11.46,24.3,6.67,2.01
BTC,일목A 실거래,H3,71,4.96,10.2,9.66,0.68
BTC,일목A 실거래,H4,71,0.66,1.32,15.34,0.16
BTC,일목A 실거래,H5,71,0.89,1.78,8.69,0.2
BTC,일목A 실거래,H6,71,-1.93,-3.83,10.84,-0.36
BTC,일목A 실거래,H7,71,-0.67,-1.35,9.03,-0.09
BTC,일목A 실거래,H8,71,7.39,24.21,3.78,1.91
BTC,일목A 1배 롱숏,4년 전체,71,123.59,23.45,53.31,0.74
BTC,일목A 1배 롱숏,전반 2년,71,28.13,13.86,53.31,0.52
BTC,일목A 1배 롱숏,후반 2년,71,73.13,33.3,32.22,1.0
BTC,일목A 1배 롱숏,H1,71,27.66,63.19,14.29,1.37
BTC,일목A 1배 롱숏,H2,71,32.74,76.47,20.83,1.81
BTC,일목A 1배 롱숏,H3,71,14.22,30.56,26.25,0.82
BTC,일목A 1배 롱숏,H4,71,-4.85,-9.49,42.92,0.0
BTC,일목A 1배 롱숏,H5,71,4.02,8.22,23.4,0.4
BTC,일목A 1배 롱숏,H6,71,-7.49,-14.46,32.22,-0.37
BTC,일목A 1배 롱숏,H7,71,-3.46,-6.82,26.46,-0.08
BTC,일목A 1배 롱숏,H8,71,23.99,92.33,11.37,2.01
BTC,일목A 1배 롱만,4년 전체,29,253.96,39.23,35.01,1.23
BTC,일목A 1배 롱만,전반 2년,29,115.6,49.53,35.01,1.32
BTC,일목A 1배 롱만,후반 2년,29,62.88,29.11,23.4,1.13
BTC,일목A 1배 롱만,H1,29,34.12,80.18,12.76,1.65
BTC,일목A 1배 롱만,H2,29,47.13,116.94,10.72,3.18
BTC,일목A 1배 롱만,H3,29,37.06,88.18,17.44,1.74
BTC,일목A 1배 롱만,H4,29,13.02,27.82,30.59,0.87
BTC,일목A 1배 롱만,H5,29,0.01,0.01,23.4,0.14
BTC,일목A 1배 롱만,H6,29,-4.02,-7.9,19.51,-0.32
BTC,일목A 1배 롱만,H7,29,-10.58,-20.08,11.23,-1.43
BTC,일목A 1배 롱만,H8,29,29.28,118.41,7.88,2.91
BTC,보유(1배),4년 전체,1,395.79,52.07,53.3,1.16
BTC,보유(1배),전반 2년,1,302.2,107.27,26.25,1.79
BTC,보유(1배),후반 2년,1,22.3,11.12,53.3,0.46
BTC,보유(1배),H1,1,55.75,143.18,20.34,1.93
BTC,보유(1배),H2,1,63.99,169.66,19.64,2.86
BTC,보유(1배),H3,1,63.97,169.6,21.75,2.32
BTC,보유(1배),H4,1,34.26,80.56,24.87,1.47
BTC,보유(1배),H5,1,3.86,7.9,27.48,0.39
BTC,보유(1배),H6,1,-11.63,-21.97,33.65,-0.46
BTC,보유(1배),H7,1,-28.92,-49.57,33.91,-1.42
BTC,보유(1배),H8,1,31.25,128.69,13.22,2.27
BTC,합산(실거래 구성),4년 전체,0,118.7,22.74,28.93,1.0
BTC,합산(실거래 구성),전반 2년,0,47.22,22.45,28.93,0.89
BTC,합산(실거래 구성),후반 2년,0,47.82,22.71,15.84,1.16
BTC,합산(실거래 구성),H1,0,31.63,73.52,7.7,1.89
BTC,합산(실거래 구성),H2,0,18.0,39.37,11.34,1.58
BTC,합산(실거래 구성),H3,0,14.48,31.16,14.85,1.05
BTC,합산(실거래 구성),H4,0,-1.52,-3.03,19.57,-0.03
BTC,합산(실거래 구성),H5,0,7.55,15.72,7.25,0.88
BTC,합산(실거래 구성),H6,0,-1.48,-2.95,15.84,-0.07
BTC,합산(실거래 구성),H7,0,-2.37,-4.7,8.99,-0.32
BTC,합산(실거래 구성),H8,0,16.57,59.4,4.78,2.18
ETH,추세돌파(2%),4년 전체,69,5.68,1.55,16.14,0.19
ETH,추세돌파(2%),전반 2년,69,-13.35,-7.68,15.37,-0.61
ETH,추세돌파(2%),후반 2년,69,21.87,11.63,9.27,0.99
ETH,추세돌파(2%),H1,69,-6.48,-12.57,9.12,-1.27
ETH,추세돌파(2%),H2,69,7.11,14.78,11.34,1.0
ETH,추세돌파(2%),H3,69,-11.82,-22.3,11.82,-2.5
ETH,추세돌파(2%),H4,69,-3.53,-6.95,4.2,-0.67
ETH,추세돌파(2%),H5,69,17.46,38.09,8.48,1.92
ETH,추세돌파(2%),H6,69,1.75,3.55,4.94,0.48
ETH,추세돌파(2%),H7,69,3.4,6.93,4.89,0.95
ETH,추세돌파(2%),H8,69,-0.54,-5.19,3.86,-0.24
ETH,일목A 실거래,4년 전체,52,461.15,61.64,91.37,0.99
ETH,일목A 실거래,전반 2년,52,-12.51,-7.18,90.93,0.48
ETH,일목A 실거래,후반 2년,52,539.61,180.81,59.16,1.55
ETH,일목A 실거래,H1,52,-3.27,-6.45,38.55,0.34
ETH,일목A 실거래,H2,52,197.76,791.93,30.46,3.16
ETH,일목A 실거래,H3,52,-76.31,-94.43,89.04,-1.44
ETH,일목A 실거래,H4,52,-9.37,-17.91,60.31,0.42
ETH,일목A 실거래,H5,52,179.82,687.43,50.86,2.57
ETH,일목A 실거래,H6,52,110.03,342.91,31.35,2.14
ETH,일목A 실거래,H7,52,21.87,48.68,42.91,0.88
ETH,일목A 실거래,H8,52,18.72,443.57,13.98,2.59
ETH,일목A 1배 롱숏,4년 전체,52,243.34,40.98,60.48,0.97
ETH,일목A 1배 롱숏,전반 2년,52,22.39,11.92,60.48,0.48
ETH,일목A 1배 롱숏,후반 2년,52,180.06,77.36,32.17,1.48
ETH,일목A 1배 롱숏,H1,52,-0.56,-1.13,19.51,0.15
ETH,일목A 1배 롱숏,H2,52,66.32,177.39,18.19,2.82
ETH,일목A 1배 롱숏,H3,52,-38.92,-62.79,58.42,-1.44
ETH,일목A 1배 롱숏,H4,52,4.19,8.59,33.32,0.42
ETH,일목A 1배 롱숏,H5,52,78.29,218.88,26.57,2.55
ETH,일목A 1배 롱숏,H6,52,40.65,98.21,16.5,1.85
ETH,일목A 1배 롱숏,H7,52,13.89,29.81,21.35,0.86
ETH,일목A 1배 롱숏,H8,52,10.15,159.44,7.85,2.47
ETH,일목A 1배 롱만,4년 전체,24,135.82,26.98,40.94,0.85
ETH,일목A 1배 롱만,전반 2년,24,78.82,38.25,40.94,1.06
ETH,일목A 1배 롱만,후반 2년,24,31.65,16.53,33.19,0.62
ETH,일목A 1배 롱만,H1,24,-3.43,-6.76,19.75,-0.06
ETH,일목A 1배 롱만,H2,24,68.83,185.85,18.19,3.01
ETH,일목A 1배 롱만,H3,24,-20.02,-36.12,34.14,-1.16
ETH,일목A 1배 롱만,H4,24,6.58,13.63,22.94,0.51
ETH,일목A 1배 롱만,H5,24,55.74,143.14,26.57,2.11
ETH,일목A 1배 롱만,H6,24,-17.39,-31.83,18.3,-1.7
ETH,일목A 1배 롱만,H7,24,13.58,29.09,16.66,1.1
ETH,일목A 1배 롱만,H8,24,10.15,159.44,7.85,2.47
ETH,보유(1배),4년 전체,1,62.78,14.53,67.48,0.52
ETH,보유(1배),전반 2년,1,134.55,60.81,44.23,1.15
ETH,보유(1배),후반 2년,1,-30.72,-18.47,67.48,-0.02
ETH,보유(1배),H1,1,3.53,7.21,21.77,0.38
ETH,보유(1배),H2,1,89.78,261.43,17.4,3.31
ETH,보유(1배),H3,1,-23.12,-40.99,40.07,-0.51
ETH,보유(1배),H4,1,-3.4,-6.71,39.91,0.22
ETH,보유(1배),H5,1,86.04,247.29,38.86,2.13
ETH,보유(1배),H6,1,-60.33,-84.34,60.47,-2.91
ETH,보유(1배),H7,1,23.29,52.17,36.1,1.02
ETH,보유(1배),H8,1,10.15,159.44,6.49,2.47
ETH,합산(실거래 구성),4년 전체,0,401.33,56.65,92.42,0.96
ETH,합산(실거래 구성),전반 2년,0,-29.87,-17.94,91.57,0.39
ETH,합산(실거래 구성),후반 2년,0,612.28,198.14,59.4,1.57
ETH,합산(실거래 구성),H1,0,-10.56,-20.06,41.23,0.18
ETH,합산(실거래 구성),H2,0,209.59,864.44,27.33,3.01
ETH,합산(실거래 구성),H3,0,-79.39,-95.79,89.52,-1.6
ETH,합산(실거래 구성),H4,0,-15.01,-27.83,61.74,0.35
ETH,합산(실거래 구성),H5,0,212.06,879.94,55.08,2.6
ETH,합산(실거래 구성),H6,0,112.33,352.72,29.93,2.14
ETH,합산(실거래 구성),H7,0,23.96,53.84,44.03,0.91
ETH,합산(실거래 구성),H8,0,16.95,368.43,13.18,2.15
XRP,추세돌파(2%),4년 전체,59,-10.39,-2.83,22.84,-0.2
XRP,추세돌파(2%),전반 2년,59,-19.01,-10.45,22.84,-1.01
XRP,추세돌파(2%),후반 2년,59,10.65,5.43,16.6,0.51
XRP,추세돌파(2%),H1,59,-3.05,-6.02,5.7,-0.64
XRP,추세돌파(2%),H2,59,-0.61,-1.23,7.12,-0.05
XRP,추세돌파(2%),H3,59,-14.49,-26.95,14.49,-3.98
XRP,추세돌파(2%),H4,59,18.23,39.92,7.2,1.84
XRP,추세돌파(2%),H5,59,-3.62,-7.13,8.24,-0.69
XRP,추세돌파(2%),H6,59,-0.26,-0.52,7.45,-0.01
XRP,추세돌파(2%),H7,59,-2.14,-4.24,5.27,-0.7
XRP,추세돌파(2%),H8,59,-2.21,-6.51,6.88,-0.69
XRP,일목A 실거래,4년 전체,87,27.39,6.54,32.99,0.36
XRP,일목A 실거래,전반 2년,87,-19.5,-10.74,24.09,-0.51
XRP,일목A 실거래,후반 2년,87,57.13,26.66,32.99,0.81
XRP,일목A 실거래,H1,87,-7.96,-15.32,12.48,-1.1
XRP,일목A 실거래,H2,87,-4.42,-8.67,16.45,-0.27
XRP,일목A 실거래,H3,87,-1.86,-3.7,7.6,-0.18
XRP,일목A 실거래,H4,87,71.87,196.26,20.61,2.24
XRP,일목A 실거래,H5,87,-16.59,-30.5,32.1,-0.61
XRP,일목A 실거래,H6,87,3.37,6.88,10.48,0.46
XRP,일목A 실거래,H7,87,1.25,2.52,8.39,0.25
XRP,일목A 실거래,H8,87,-1.26,-3.76,7.93,-0.09
XRP,일목A 1배 롱숏,4년 전체,87,-8.86,-2.4,67.99,0.31
XRP,일목A 1배 롱숏,전반 2년,87,-55.31,-34.41,63.05,-0.4
XRP,일목A 1배 롱숏,후반 2년,87,99.3,43.42,60.8,0.82
XRP,일목A 1배 롱숏,H1,87,-25.28,-44.25,36.37,-1.05
XRP,일목A 1배 롱숏,H2,87,-18.1,-33.0,48.56,-0.17
XRP,일목A 1배 롱숏,H3,87,-6.93,-13.41,23.56,-0.07
XRP,일목A 1배 롱숏,H4,87,169.32,629.3,49.82,2.17
XRP,일목A 1배 롱숏,H5,87,-41.56,-65.95,56.87,-0.9
XRP,일목A 1배 롱숏,H6,87,7.16,14.87,27.91,0.52
XRP,일목A 1배 롱숏,H7,87,1.31,2.64,24.9,0.27
XRP,일목A 1배 롱숏,H8,87,-5.56,-15.84,24.51,0.05
XRP,일목A 1배 롱만,4년 전체,35,165.3,29.08,49.14,0.7
XRP,일목A 1배 롱만,전반 2년,35,-16.58,-9.05,35.44,0.04
XRP,일목A 1배 롱만,후반 2년,35,218.01,83.12,49.14,1.18
XRP,일목A 1배 롱만,H1,35,-1.5,-2.98,19.26,0.09
XRP,일목A 1배 롱만,H2,35,3.6,7.35,25.42,0.39
XRP,일목A 1배 롱만,H3,35,-6.27,-12.18,21.51,-0.18
XRP,일목A 1배 롱만,H4,35,259.09,1198.58,34.7,2.7
XRP,일목A 1배 롱만,H5,35,-28.67,-49.21,47.35,-0.63
XRP,일목A 1배 롱만,H6,35,15.51,33.53,25.05,0.9
XRP,일목A 1배 롱만,H7,35,-15.86,-29.28,16.21,-2.48
XRP,일목A 1배 롱만,H8,35,11.26,37.98,16.88,0.93
XRP,보유(1배),4년 전체,1,289.2,42.7,72.24,0.82
XRP,보유(1배),전반 2년,1,33.41,16.29,47.0,0.55
XRP,보유(1배),후반 2년,1,199.3,77.4,72.24,1.06
XRP,보유(1배),H1,1,33.54,78.62,22.93,1.33
XRP,보유(1배),H2,1,18.76,41.17,40.99,0.8
XRP,보유(1배),H3,1,-15.59,-28.82,32.09,-0.35
XRP,보유(1배),H4,1,373.85,2164.58,25.57,3.07
XRP,보유(1배),H5,1,-9.44,-18.03,44.16,0.24
XRP,보유(1배),H6,1,-4.19,-8.22,47.04,0.2
XRP,보유(1배),H7,1,-43.64,-68.33,47.98,-1.6
XRP,보유(1배),H8,1,21.46,79.75,21.03,1.17
XRP,합산(실거래 구성),4년 전체,0,8.02,2.04,41.82,0.23
XRP,합산(실거래 구성),전반 2년,0,-35.61,-20.59,38.0,-0.83
XRP,합산(실거래 구성),후반 2년,0,66.55,30.57,41.82,0.8
XRP,합산(실거래 구성),H1,0,-11.06,-20.95,14.3,-1.05
XRP,합산(실거래 구성),H2,0,-5.29,-10.33,15.17,-0.25
XRP,합산(실거래 구성),H3,0,-16.17,-29.8,18.2,-1.88
XRP,합산(실거래 구성),H4,0,96.31,286.82,20.29,2.23
XRP,합산(실거래 구성),H5,0,-20.27,-36.51,36.17,-0.69
XRP,합산(실거래 구성),H6,0,2.81,5.71,16.84,0.35
XRP,합산(실거래 구성),H7,0,-0.97,-1.94,10.82,-0.05
XRP,합산(실거래 구성),H8,0,-3.62,-10.52,13.91,-0.33
