symbol,strategy,period,from,to,label,trades,mdd_pct,return_pct,win_rate,pf,exp_r,fees_pct,avg_bars,longs,shorts,by_regime,fee_each_side,slippage_each_side,risk_pct
BTC,Turtle20,전체,2022-10-08,2026-10-01,전체,57,16.78,24.48,36.8,1.396,0.217,2.4,309.8,36,21,"{'-': {'n': 57, 'win_rate': 36.8, 'sum_r': 12.37, 'avg_r': 0.217}}",0.0006,0.0002,2.0
BTC,Turtle20,전반(IS),2022-10-08,2024-10-04,전반(IS),31,8.67,15.43,41.9,1.526,0.258,1.23,318.7,20,11,"{'-': {'n': 31, 'win_rate': 41.9, 'sum_r': 7.98, 'avg_r': 0.258}}",0.0006,0.0002,2.0
BTC,Turtle20,후반(OOS),2024-10-04,2026-10-01,후반(OOS),26,16.65,9.15,30.8,1.335,0.191,1.03,293.5,16,10,"{'-': {'n': 26, 'win_rate': 30.8, 'sum_r': 4.98, 'avg_r': 0.191}}",0.0006,0.0002,2.0
BTC,DualThrust,전체,2022-10-08,2026-10-01,전체,459,70.9,-58.47,33.8,0.856,-0.072,76.36,8.4,236,223,"{'-': {'n': 459, 'win_rate': 33.8, 'sum_r': -33.03, 'avg_r': -0.072}}",0.0006,0.0002,2.0
BTC,DualThrust,전반(IS),2022-10-08,2024-10-04,전반(IS),222,39.44,-26.26,32.0,0.897,-0.04,47.57,8.5,115,107,"{'-': {'n': 222, 'win_rate': 32.0, 'sum_r': -8.87, 'avg_r': -0.04}}",0.0006,0.0002,2.0
BTC,DualThrust,후반(OOS),2024-10-04,2026-10-01,후반(OOS),237,61.42,-43.68,35.4,0.786,-0.102,39.04,8.2,121,116,"{'-': {'n': 237, 'win_rate': 35.4, 'sum_r': -24.16, 'avg_r': -0.102}}",0.0006,0.0002,2.0
BTC,RSI2_EMA200,전체,2022-10-08,2026-10-01,전체,1112,91.53,-91.25,57.4,0.779,-0.102,95.6,11.3,583,529,"{'-': {'n': 1112, 'win_rate': 57.4, 'sum_r': -113.32, 'avg_r': -0.102}}",0.0006,0.0002,2.0
BTC,RSI2_EMA200,전반(IS),2022-10-08,2024-10-04,전반(IS),531,71.66,-70.25,56.9,0.769,-0.106,70.31,11.7,285,246,"{'-': {'n': 531, 'win_rate': 56.9, 'sum_r': -56.53, 'avg_r': -0.106}}",0.0006,0.0002,2.0
BTC,RSI2_EMA200,후반(OOS),2024-10-04,2026-10-01,후반(OOS),580,75.68,-70.99,57.8,0.804,-0.099,83.74,11.0,298,282,"{'-': {'n': 580, 'win_rate': 57.8, 'sum_r': -57.45, 'avg_r': -0.099}}",0.0006,0.0002,2.0
BTC,BollingerReentry,전체,2022-10-08,2026-10-01,전체,690,98.01,-98.01,44.3,0.509,-0.273,49.55,7.8,326,364,"{'-': {'n': 690, 'win_rate': 44.3, 'sum_r': -188.41, 'avg_r': -0.273}}",0.0006,0.0002,2.0
BTC,BollingerReentry,전반(IS),2022-10-08,2024-10-04,전반(IS),690,98.01,-98.01,44.3,0.509,-0.273,49.55,7.8,326,364,"{'-': {'n': 690, 'win_rate': 44.3, 'sum_r': -188.41, 'avg_r': -0.273}}",0.0006,0.0002,2.0
BTC,BollingerReentry,후반(OOS),2024-10-04,2026-10-01,후반(OOS),905,97.97,-97.9,46.7,0.636,-0.202,63.12,7.9,461,444,"{'-': {'n': 905, 'win_rate': 46.7, 'sum_r': -183.0, 'avg_r': -0.202}}",0.0006,0.0002,2.0
BTC,ZScore24Reversion,전체,2022-10-08,2026-10-01,전체,709,98.05,-98.02,43.7,0.504,-0.266,49.61,8.2,330,379,"{'-': {'n': 709, 'win_rate': 43.7, 'sum_r': -188.59, 'avg_r': -0.266}}",0.0006,0.0002,2.0
BTC,ZScore24Reversion,전반(IS),2022-10-08,2024-10-04,전반(IS),709,98.05,-98.02,43.7,0.504,-0.266,49.61,8.2,330,379,"{'-': {'n': 709, 'win_rate': 43.7, 'sum_r': -188.59, 'avg_r': -0.266}}",0.0006,0.0002,2.0
BTC,ZScore24Reversion,후반(OOS),2024-10-04,2026-10-01,후반(OOS),851,98.02,-98.01,44.9,0.606,-0.218,56.08,8.3,425,426,"{'-': {'n': 851, 'win_rate': 44.9, 'sum_r': -185.77, 'avg_r': -0.218}}",0.0006,0.0002,2.0
ETH,Turtle20,전체,2022-12-30,2026-10-01,전체,53,20.59,12.22,39.6,1.254,0.126,1.5,298.7,32,21,"{'-': {'n': 53, 'win_rate': 39.6, 'sum_r': 6.7, 'avg_r': 0.126}}",0.0006,0.0002,2.0
ETH,Turtle20,전반(IS),2022-12-30,2024-11-15,전반(IS),32,20.59,-9.04,31.2,0.742,-0.133,0.97,238.1,19,13,"{'-': {'n': 32, 'win_rate': 31.2, 'sum_r': -4.25, 'avg_r': -0.133}}",0.0006,0.0002,2.0
ETH,Turtle20,후반(OOS),2024-11-15,2026-10-01,후반(OOS),21,6.79,23.37,52.4,2.622,0.521,0.58,391.1,13,8,"{'-': {'n': 21, 'win_rate': 52.4, 'sum_r': 10.95, 'avg_r': 0.521}}",0.0006,0.0002,2.0
ETH,DualThrust,전체,2022-12-30,2026-10-01,전체,405,47.0,32.99,39.5,1.066,0.061,83.97,9.0,208,197,"{'-': {'n': 405, 'win_rate': 39.5, 'sum_r': 24.79, 'avg_r': 0.061}}",0.0006,0.0002,2.0
ETH,DualThrust,전반(IS),2022-12-30,2024-11-15,전반(IS),204,47.0,8.91,40.2,1.042,0.041,41.64,9.1,107,97,"{'-': {'n': 204, 'win_rate': 40.2, 'sum_r': 8.4, 'avg_r': 0.041}}",0.0006,0.0002,2.0
ETH,DualThrust,후반(OOS),2024-11-15,2026-10-01,후반(OOS),201,20.46,22.12,38.8,1.084,0.082,38.87,8.9,101,100,"{'-': {'n': 201, 'win_rate': 38.8, 'sum_r': 16.4, 'avg_r': 0.082}}",0.0006,0.0002,2.0
ETH,RSI2_EMA200,전체,2022-12-30,2026-10-01,전체,1044,92.71,-91.33,55.3,0.747,-0.109,61.53,10.9,533,511,"{'-': {'n': 1044, 'win_rate': 55.3, 'sum_r': -114.26, 'avg_r': -0.109}}",0.0006,0.0002,2.0
ETH,RSI2_EMA200,전반(IS),2022-12-30,2024-11-15,전반(IS),507,73.42,-71.03,55.8,0.742,-0.114,50.28,10.7,277,230,"{'-': {'n': 507, 'win_rate': 55.8, 'sum_r': -58.04, 'avg_r': -0.114}}",0.0006,0.0002,2.0
ETH,RSI2_EMA200,후반(OOS),2024-11-15,2026-10-01,후반(OOS),537,74.64,-70.09,54.7,0.763,-0.105,38.84,11.0,256,281,"{'-': {'n': 537, 'win_rate': 54.7, 'sum_r': -56.22, 'avg_r': -0.105}}",0.0006,0.0002,2.0
ETH,BollingerReentry,전체,2022-12-30,2026-10-01,전체,1444,98.08,-98.04,50.3,0.742,-0.126,89.86,7.6,714,730,"{'-': {'n': 1444, 'win_rate': 50.3, 'sum_r': -181.42, 'avg_r': -0.126}}",0.0006,0.0002,2.0
ETH,BollingerReentry,전반(IS),2022-12-30,2024-11-15,전반(IS),893,93.67,-93.53,51.0,0.737,-0.143,86.11,7.6,446,447,"{'-': {'n': 893, 'win_rate': 51.0, 'sum_r': -127.96, 'avg_r': -0.143}}",0.0006,0.0002,2.0
ETH,BollingerReentry,후반(OOS),2024-11-15,2026-10-01,후반(OOS),851,90.94,-88.98,48.5,0.803,-0.118,69.48,7.8,421,430,"{'-': {'n': 851, 'win_rate': 48.5, 'sum_r': -100.82, 'avg_r': -0.118}}",0.0006,0.0002,2.0
ETH,ZScore24Reversion,전체,2022-12-30,2026-10-01,전체,1627,97.8,-97.67,49.7,0.789,-0.104,102.11,8.0,804,823,"{'-': {'n': 1627, 'win_rate': 49.7, 'sum_r': -169.74, 'avg_r': -0.104}}",0.0006,0.0002,2.0
ETH,ZScore24Reversion,전반(IS),2022-12-30,2024-11-15,전반(IS),833,89.95,-89.71,49.8,0.777,-0.126,92.38,7.9,415,418,"{'-': {'n': 833, 'win_rate': 49.8, 'sum_r': -104.71, 'avg_r': -0.126}}",0.0006,0.0002,2.0
ETH,ZScore24Reversion,후반(OOS),2024-11-15,2026-10-01,후반(OOS),794,83.33,-77.48,49.5,0.868,-0.082,94.01,8.0,389,405,"{'-': {'n': 794, 'win_rate': 49.5, 'sum_r': -65.31, 'avg_r': -0.082}}",0.0006,0.0002,2.0
XRP,Turtle20,전체,2022-10-08,2026-10-01,전체,56,12.34,3.46,35.7,1.069,0.046,1.36,235.5,31,25,"{'-': {'n': 56, 'win_rate': 35.7, 'sum_r': 2.59, 'avg_r': 0.046}}",0.0006,0.0002,2.0
XRP,Turtle20,전반(IS),2022-10-08,2024-10-04,전반(IS),29,11.5,-6.32,34.5,0.747,-0.102,0.69,235.7,15,14,"{'-': {'n': 29, 'win_rate': 34.5, 'sum_r': -2.96, 'avg_r': -0.102}}",0.0006,0.0002,2.0
XRP,Turtle20,후반(OOS),2024-10-04,2026-10-01,후반(OOS),28,9.99,7.74,32.1,1.273,0.154,0.72,211.8,16,12,"{'-': {'n': 28, 'win_rate': 32.1, 'sum_r': 4.32, 'avg_r': 0.154}}",0.0006,0.0002,2.0
XRP,DualThrust,전체,2022-10-08,2026-10-01,전체,433,79.71,-59.14,34.9,0.784,-0.078,35.07,8.1,223,210,"{'-': {'n': 433, 'win_rate': 34.9, 'sum_r': -33.65, 'avg_r': -0.078}}",0.0006,0.0002,2.0
XRP,DualThrust,전반(IS),2022-10-08,2024-10-04,전반(IS),208,74.53,-70.36,31.2,0.643,-0.274,24.75,7.7,110,98,"{'-': {'n': 208, 'win_rate': 31.2, 'sum_r': -56.9, 'avg_r': -0.274}}",0.0006,0.0002,2.0
XRP,DualThrust,후반(OOS),2024-10-04,2026-10-01,후반(OOS),225,44.62,37.84,38.2,1.146,0.103,34.79,8.4,113,112,"{'-': {'n': 225, 'win_rate': 38.2, 'sum_r': 23.26, 'avg_r': 0.103}}",0.0006,0.0002,2.0
XRP,RSI2_EMA200,전체,2022-10-08,2026-10-01,전체,1084,85.53,-83.85,56.5,0.82,-0.077,66.77,11.4,470,614,"{'-': {'n': 1084, 'win_rate': 56.5, 'sum_r': -82.94, 'avg_r': -0.077}}",0.0006,0.0002,2.0
XRP,RSI2_EMA200,전반(IS),2022-10-08,2024-10-04,전반(IS),544,66.08,-62.06,56.6,0.811,-0.081,48.35,11.1,243,301,"{'-': {'n': 544, 'win_rate': 56.6, 'sum_r': -44.31, 'avg_r': -0.081}}",0.0006,0.0002,2.0
XRP,RSI2_EMA200,후반(OOS),2024-10-04,2026-10-01,후반(OOS),540,66.23,-58.04,56.3,0.837,-0.073,47.85,11.7,227,313,"{'-': {'n': 540, 'win_rate': 56.3, 'sum_r': -39.36, 'avg_r': -0.073}}",0.0006,0.0002,2.0
XRP,BollingerReentry,전체,2022-10-08,2026-10-01,전체,1266,98.04,-98.0,49.1,0.727,-0.144,61.25,7.6,683,583,"{'-': {'n': 1266, 'win_rate': 49.1, 'sum_r': -182.53, 'avg_r': -0.144}}",0.0006,0.0002,2.0
XRP,BollingerReentry,전반(IS),2022-10-08,2024-10-04,전반(IS),922,94.75,-94.64,49.9,0.727,-0.149,59.57,7.7,499,423,"{'-': {'n': 922, 'win_rate': 49.9, 'sum_r': -136.99, 'avg_r': -0.149}}",0.0006,0.0002,2.0
XRP,BollingerReentry,후반(OOS),2024-10-04,2026-10-01,후반(OOS),927,94.51,-93.71,47.9,0.734,-0.138,48.46,7.6,484,443,"{'-': {'n': 927, 'win_rate': 47.9, 'sum_r': -128.2, 'avg_r': -0.138}}",0.0006,0.0002,2.0
XRP,ZScore24Reversion,전체,2022-10-08,2026-10-01,전체,1324,98.06,-98.02,47.0,0.768,-0.137,70.89,8.2,705,619,"{'-': {'n': 1324, 'win_rate': 47.0, 'sum_r': -181.15, 'avg_r': -0.137}}",0.0006,0.0002,2.0
XRP,ZScore24Reversion,전반(IS),2022-10-08,2024-10-04,전반(IS),857,91.49,-91.28,48.3,0.77,-0.131,67.7,8.3,466,391,"{'-': {'n': 857, 'win_rate': 48.3, 'sum_r': -112.6, 'avg_r': -0.131}}",0.0006,0.0002,2.0
XRP,ZScore24Reversion,후반(OOS),2024-10-04,2026-10-01,후반(OOS),859,94.56,-94.17,45.2,0.736,-0.154,47.73,8.0,444,415,"{'-': {'n': 859, 'win_rate': 45.2, 'sum_r': -132.11, 'avg_r': -0.154}}",0.0006,0.0002,2.0
