symbol,timeframe,variant,lookback_bars,daily_atr,from,to,bars,period,label,trades,mdd_pct,return_pct,win_rate,pf,exp_r,fees_pct,avg_bars,longs,shorts,by_regime,raw_breakout_signals,raw_signals_per_year,risk_pct,fee_each_side,slippage_each_side,avg_hold_hours
BTC,5m,20bar,20,False,2024-10-01,2026-10-01,210205,전체,전체,309,98.19,-98.0,21.0,0.334,-0.611,65.17,17.3,156,153,"{'-': {'n': 309, 'win_rate': 21.0, 'sum_r': -188.86, 'avg_r': -0.611}}",22432,11223.74,2.0,0.0006,0.0002,1.44
BTC,5m,20bar,20,False,2024-10-01,2025-10-01,210205,전반(IS),전반(IS),309,98.19,-98.0,21.0,0.334,-0.611,65.17,17.3,156,153,"{'-': {'n': 309, 'win_rate': 21.0, 'sum_r': -188.86, 'avg_r': -0.611}}",11992,12000.38,2.0,0.0006,0.0002,
BTC,5m,20bar,20,False,2025-10-01,2026-10-01,210205,후반(OOS),후반(OOS),338,98.05,-98.02,22.5,0.39,-0.553,76.76,17.1,162,176,"{'-': {'n': 338, 'win_rate': 22.5, 'sum_r': -186.88, 'avg_r': -0.553}}",10440,10447.2,2.0,0.0006,0.0002,
BTC,5m,20day_equiv,5760,True,2024-10-01,2026-10-01,210205,전체,전체,37,22.21,-1.52,32.4,0.964,0.003,1.4,3524.9,19,18,"{'-': {'n': 37, 'win_rate': 32.4, 'sum_r': 0.1, 'avg_r': 0.003}}",639,319.72,2.0,0.0006,0.0002,293.74
BTC,5m,20day_equiv,5760,True,2024-10-01,2025-10-01,210205,전반(IS),전반(IS),21,19.88,-13.91,23.8,0.513,-0.341,0.81,2995.6,10,11,"{'-': {'n': 21, 'win_rate': 23.8, 'sum_r': -7.15, 'avg_r': -0.341}}",302,302.21,2.0,0.0006,0.0002,
BTC,5m,20day_equiv,5760,True,2025-10-01,2026-10-01,210205,후반(OOS),후반(OOS),16,6.94,14.4,43.8,1.919,0.453,0.69,4219.6,9,7,"{'-': {'n': 16, 'win_rate': 43.8, 'sum_r': 7.25, 'avg_r': 0.453}}",337,337.23,2.0,0.0006,0.0002,
BTC,15m,20bar,20,False,2024-10-01,2026-10-01,70070,전체,전체,655,98.01,-98.01,27.6,0.541,-0.28,56.59,19.6,335,320,"{'-': {'n': 655, 'win_rate': 27.6, 'sum_r': -183.39, 'avg_r': -0.28}}",6814,3409.38,2.0,0.0006,0.0002,4.9
BTC,15m,20bar,20,False,2024-10-01,2025-10-01,70070,전반(IS),전반(IS),655,98.01,-98.01,27.6,0.541,-0.28,56.59,19.6,335,320,"{'-': {'n': 655, 'win_rate': 27.6, 'sum_r': -183.39, 'avg_r': -0.28}}",3637,3639.65,2.0,0.0006,0.0002,
BTC,15m,20bar,20,False,2025-10-01,2026-10-01,70070,후반(OOS),후반(OOS),670,98.21,-98.0,28.4,0.693,-0.271,101.09,19.8,332,338,"{'-': {'n': 670, 'win_rate': 28.4, 'sum_r': -181.74, 'avg_r': -0.271}}",3177,3179.22,2.0,0.0006,0.0002,
BTC,15m,20day_equiv,1920,True,2024-10-01,2026-10-01,70070,전체,전체,32,17.54,8.2,34.4,1.243,0.148,1.25,1277.0,18,14,"{'-': {'n': 32, 'win_rate': 34.4, 'sum_r': 4.74, 'avg_r': 0.148}}",406,203.14,2.0,0.0006,0.0002,319.25
BTC,15m,20day_equiv,1920,True,2024-10-01,2025-10-01,70070,전반(IS),전반(IS),19,16.55,-10.38,26.3,0.589,-0.271,0.73,1032.8,9,10,"{'-': {'n': 19, 'win_rate': 26.3, 'sum_r': -5.15, 'avg_r': -0.271}}",194,194.14,2.0,0.0006,0.0002,
BTC,15m,20day_equiv,1920,True,2025-10-01,2026-10-01,70070,후반(OOS),후반(OOS),13,6.49,20.74,46.2,3.191,0.761,0.58,1633.9,9,4,"{'-': {'n': 13, 'win_rate': 46.2, 'sum_r': 9.9, 'avg_r': 0.761}}",212,212.15,2.0,0.0006,0.0002,
ETH,5m,20bar,20,False,2024-10-01,2026-10-01,210205,전체,전체,442,98.3,-98.03,25.1,0.471,-0.422,68.63,15.4,219,223,"{'-': {'n': 442, 'win_rate': 25.1, 'sum_r': -186.68, 'avg_r': -0.422}}",19324,9668.66,2.0,0.0006,0.0002,1.28
ETH,5m,20bar,20,False,2024-10-01,2025-10-01,210205,전반(IS),전반(IS),442,98.3,-98.03,25.1,0.471,-0.422,68.63,15.4,219,223,"{'-': {'n': 442, 'win_rate': 25.1, 'sum_r': -186.68, 'avg_r': -0.422}}",10214,10221.14,2.0,0.0006,0.0002,
ETH,5m,20bar,20,False,2025-10-01,2026-10-01,210205,후반(OOS),후반(OOS),599,98.02,-98.02,27.9,0.539,-0.307,71.84,18.5,282,317,"{'-': {'n': 599, 'win_rate': 27.9, 'sum_r': -183.67, 'avg_r': -0.307}}",9110,9116.28,2.0,0.0006,0.0002,
ETH,5m,20day_equiv,5760,True,2024-10-01,2026-10-01,210205,전체,전체,32,9.79,22.08,46.9,1.719,0.338,0.92,3576.6,19,13,"{'-': {'n': 32, 'win_rate': 46.9, 'sum_r': 10.81, 'avg_r': 0.338}}",551,275.69,2.0,0.0006,0.0002,298.05
ETH,5m,20day_equiv,5760,True,2024-10-01,2025-10-01,210205,전반(IS),전반(IS),17,7.83,7.84,47.1,1.511,0.241,0.43,3027.0,9,8,"{'-': {'n': 17, 'win_rate': 47.1, 'sum_r': 4.1, 'avg_r': 0.241}}",335,335.23,2.0,0.0006,0.0002,
ETH,5m,20day_equiv,5760,True,2025-10-01,2026-10-01,210205,후반(OOS),후반(OOS),15,6.95,13.21,46.7,1.928,0.448,0.46,4199.5,10,5,"{'-': {'n': 15, 'win_rate': 46.7, 'sum_r': 6.71, 'avg_r': 0.448}}",216,216.15,2.0,0.0006,0.0002,
ETH,15m,20bar,20,False,2024-10-01,2026-10-01,70070,전체,전체,1302,98.01,-98.01,31.6,0.728,-0.13,79.45,19.4,658,644,"{'-': {'n': 1302, 'win_rate': 31.6, 'sum_r': -168.71, 'avg_r': -0.13}}",5868,2936.05,2.0,0.0006,0.0002,4.85
ETH,15m,20bar,20,False,2024-10-01,2025-10-01,70070,전반(IS),전반(IS),1026,94.91,-94.42,31.5,0.726,-0.12,75.94,19.4,514,512,"{'-': {'n': 1026, 'win_rate': 31.5, 'sum_r': -122.73, 'avg_r': -0.12}}",3107,3109.26,2.0,0.0006,0.0002,
ETH,15m,20bar,20,False,2025-10-01,2026-10-01,70070,후반(OOS),후반(OOS),948,98.32,-98.0,29.6,0.779,-0.184,100.68,18.9,480,468,"{'-': {'n': 948, 'win_rate': 29.6, 'sum_r': -174.26, 'avg_r': -0.184}}",2761,2762.93,2.0,0.0006,0.0002,
ETH,15m,20day_equiv,1920,True,2024-10-01,2026-10-01,70070,전체,전체,31,9.67,25.43,48.4,1.861,0.393,0.92,1222.8,19,12,"{'-': {'n': 31, 'win_rate': 48.4, 'sum_r': 12.19, 'avg_r': 0.393}}",343,171.62,2.0,0.0006,0.0002,305.7
ETH,15m,20day_equiv,1920,True,2024-10-01,2025-10-01,70070,전반(IS),전반(IS),16,8.01,9.74,50.0,1.702,0.31,0.41,1059.2,9,7,"{'-': {'n': 16, 'win_rate': 50.0, 'sum_r': 4.96, 'avg_r': 0.31}}",204,204.15,2.0,0.0006,0.0002,
ETH,15m,20day_equiv,1920,True,2025-10-01,2026-10-01,70070,후반(OOS),후반(OOS),15,6.91,14.3,46.7,2.002,0.481,0.46,1397.3,10,5,"{'-': {'n': 15, 'win_rate': 46.7, 'sum_r': 7.22, 'avg_r': 0.481}}",139,139.1,2.0,0.0006,0.0002,
XRP,5m,20bar,20,False,2024-10-01,2026-10-01,210202,전체,전체,307,98.11,-98.05,20.5,0.291,-0.624,42.76,15.4,156,151,"{'-': {'n': 307, 'win_rate': 20.5, 'sum_r': -191.51, 'avg_r': -0.624}}",22561,11288.28,2.0,0.0006,0.0002,1.28
XRP,5m,20bar,20,False,2024-10-01,2025-10-01,210202,전반(IS),전반(IS),307,98.11,-98.05,20.5,0.291,-0.624,42.76,15.4,156,151,"{'-': {'n': 307, 'win_rate': 20.5, 'sum_r': -191.51, 'avg_r': -0.624}}",11984,11992.38,2.0,0.0006,0.0002,
XRP,5m,20bar,20,False,2025-10-01,2026-10-01,210202,후반(OOS),후반(OOS),667,98.02,-98.02,28.2,0.611,-0.273,82.61,21.1,326,341,"{'-': {'n': 667, 'win_rate': 28.2, 'sum_r': -182.05, 'avg_r': -0.273}}",10577,10584.29,2.0,0.0006,0.0002,
XRP,5m,20day_equiv,5760,True,2024-10-01,2026-10-01,210202,전체,전체,39,13.62,15.11,38.5,1.34,0.203,1.08,2544.8,19,20,"{'-': {'n': 39, 'win_rate': 38.5, 'sum_r': 7.92, 'avg_r': 0.203}}",706,353.24,2.0,0.0006,0.0002,212.07
XRP,5m,20day_equiv,5760,True,2024-10-01,2025-10-01,210202,전반(IS),전반(IS),20,10.49,12.25,45.0,1.619,0.313,0.5,2377.8,11,9,"{'-': {'n': 20, 'win_rate': 45.0, 'sum_r': 6.27, 'avg_r': 0.313}}",355,355.25,2.0,0.0006,0.0002,
XRP,5m,20day_equiv,5760,True,2025-10-01,2026-10-01,210202,후반(OOS),후반(OOS),19,11.99,2.55,31.6,1.116,0.087,0.52,2720.6,8,11,"{'-': {'n': 19, 'win_rate': 31.6, 'sum_r': 1.65, 'avg_r': 0.087}}",351,351.24,2.0,0.0006,0.0002,
XRP,15m,20bar,20,False,2024-10-01,2026-10-01,70069,전체,전체,888,98.09,-98.03,30.3,0.65,-0.204,52.91,18.0,452,436,"{'-': {'n': 888, 'win_rate': 30.3, 'sum_r': -180.98, 'avg_r': -0.204}}",6801,3402.88,2.0,0.0006,0.0002,4.5
XRP,15m,20bar,20,False,2024-10-01,2025-10-01,70069,전반(IS),전반(IS),888,98.09,-98.03,30.3,0.65,-0.204,52.91,18.0,452,436,"{'-': {'n': 888, 'win_rate': 30.3, 'sum_r': -180.98, 'avg_r': -0.204}}",3522,3524.56,2.0,0.0006,0.0002,
XRP,15m,20bar,20,False,2025-10-01,2026-10-01,70069,후반(OOS),후반(OOS),971,97.95,-97.55,29.7,0.735,-0.17,78.45,21.7,473,498,"{'-': {'n': 971, 'win_rate': 29.7, 'sum_r': -165.46, 'avg_r': -0.17}}",3279,3281.29,2.0,0.0006,0.0002,
XRP,15m,20day_equiv,1920,True,2024-10-01,2026-10-01,70069,전체,전체,38,12.25,12.84,39.5,1.3,0.179,1.02,846.3,19,19,"{'-': {'n': 38, 'win_rate': 39.5, 'sum_r': 6.82, 'avg_r': 0.179}}",417,208.65,2.0,0.0006,0.0002,211.57
XRP,15m,20day_equiv,1920,True,2024-10-01,2025-10-01,70069,전반(IS),전반(IS),19,9.76,11.39,47.4,1.633,0.305,0.45,800.9,11,8,"{'-': {'n': 19, 'win_rate': 47.4, 'sum_r': 5.8, 'avg_r': 0.305}}",206,206.15,2.0,0.0006,0.0002,
XRP,15m,20day_equiv,1920,True,2025-10-01,2026-10-01,70069,후반(OOS),후반(OOS),19,11.74,1.3,31.6,1.058,0.053,0.52,891.7,8,11,"{'-': {'n': 19, 'win_rate': 31.6, 'sum_r': 1.02, 'avg_r': 0.053}}",211,211.15,2.0,0.0006,0.0002,
